-- phpMyAdmin SQL Dump
-- version 4.7.0
-- https://www.phpmyadmin.net/
--
-- Host: 127.0.0.1
-- Generation Time: Jan 01, 2018 at 08:56 AM
-- Server version: 10.1.25-MariaDB
-- PHP Version: 7.1.7

SET SQL_MODE = "NO_AUTO_VALUE_ON_ZERO";
SET AUTOCOMMIT = 0;
START TRANSACTION;
SET time_zone = "+00:00";


/*!40101 SET @OLD_CHARACTER_SET_CLIENT=@@CHARACTER_SET_CLIENT */;
/*!40101 SET @OLD_CHARACTER_SET_RESULTS=@@CHARACTER_SET_RESULTS */;
/*!40101 SET @OLD_COLLATION_CONNECTION=@@COLLATION_CONNECTION */;
/*!40101 SET NAMES utf8mb4 */;

--
-- Database: `taxi`
--

-- --------------------------------------------------------

--
-- Table structure for table `call_codes`
--

CREATE TABLE `call_codes` (
  `id` int(10) UNSIGNED NOT NULL,
  `center_id` varchar(191) COLLATE utf8mb4_unicode_ci DEFAULT NULL,
  `callCode` varchar(191) COLLATE utf8mb4_unicode_ci DEFAULT NULL,
  `created_at` timestamp NULL DEFAULT NULL,
  `updated_at` timestamp NULL DEFAULT NULL,
  `deleted_at` timestamp NULL DEFAULT NULL,
  `taken` varchar(191) COLLATE utf8mb4_unicode_ci NOT NULL DEFAULT '0'
) ENGINE=InnoDB DEFAULT CHARSET=utf8mb4 COLLATE=utf8mb4_unicode_ci;

--
-- Dumping data for table `call_codes`
--

INSERT INTO `call_codes` (`id`, `center_id`, `callCode`, `created_at`, `updated_at`, `deleted_at`, `taken`) VALUES
(1, '1', '1', '2017-12-31 05:06:41', '2017-12-31 05:06:41', NULL, '0'),
(2, '1', '2', '2017-12-31 05:06:41', '2017-12-31 05:06:41', NULL, '0'),
(3, '1', '3', '2017-12-31 05:06:41', '2017-12-31 05:06:41', NULL, '0'),
(4, '1', '4', '2017-12-31 05:06:41', '2017-12-31 05:06:41', NULL, '0'),
(5, '1', '5', '2017-12-31 05:06:41', '2017-12-31 05:06:41', NULL, '0'),
(6, '1', '6', '2017-12-31 05:06:41', '2017-12-31 05:06:41', NULL, '0'),
(7, '1', '7', '2017-12-31 05:06:41', '2017-12-31 05:06:41', NULL, '0'),
(8, '1', '8', '2017-12-31 05:06:41', '2017-12-31 05:06:41', NULL, '0'),
(9, '1', '9', '2017-12-31 05:06:41', '2017-12-31 05:06:41', NULL, '0'),
(10, '1', '10', '2017-12-31 05:06:41', '2017-12-31 05:06:41', NULL, '0'),
(11, '1', '11', '2017-12-31 05:06:41', '2017-12-31 05:06:41', NULL, '0'),
(12, '1', '12', '2017-12-31 05:06:41', '2017-12-31 05:06:41', NULL, '0'),
(13, '1', '13', '2017-12-31 05:06:41', '2017-12-31 05:06:41', NULL, '0'),
(14, '1', '14', '2017-12-31 05:06:41', '2017-12-31 05:06:41', NULL, '0'),
(15, '1', '15', '2017-12-31 05:06:41', '2017-12-31 05:06:41', NULL, '0'),
(16, '1', '16', '2017-12-31 05:06:41', '2017-12-31 05:06:41', NULL, '0'),
(17, '1', '17', '2017-12-31 05:06:41', '2017-12-31 05:06:41', NULL, '0'),
(18, '1', '18', '2017-12-31 05:06:41', '2017-12-31 05:06:41', NULL, '0'),
(19, '1', '19', '2017-12-31 05:06:41', '2017-12-31 05:06:41', NULL, '0'),
(20, '1', '20', '2017-12-31 05:06:41', '2017-12-31 05:06:41', NULL, '0'),
(21, '1', '21', '2017-12-31 05:06:41', '2017-12-31 05:06:41', NULL, '0'),
(22, '1', '22', '2017-12-31 05:06:41', '2017-12-31 05:06:41', NULL, '0'),
(23, '1', '23', '2017-12-31 05:06:41', '2017-12-31 05:06:41', NULL, '0'),
(24, '1', '24', '2017-12-31 05:06:41', '2017-12-31 05:06:41', NULL, '0'),
(25, '1', '25', '2017-12-31 05:06:41', '2017-12-31 05:06:41', NULL, '0'),
(26, '1', '26', '2017-12-31 05:06:41', '2017-12-31 05:06:41', NULL, '0'),
(27, '1', '27', '2017-12-31 05:06:41', '2017-12-31 05:06:41', NULL, '0'),
(28, '1', '28', '2017-12-31 05:06:41', '2017-12-31 05:06:41', NULL, '0'),
(29, '1', '29', '2017-12-31 05:06:41', '2017-12-31 05:06:41', NULL, '0'),
(30, '1', '30', '2017-12-31 05:06:41', '2017-12-31 05:06:41', NULL, '0'),
(31, '1', '31', '2017-12-31 05:06:41', '2017-12-31 05:06:41', NULL, '0'),
(32, '1', '32', '2017-12-31 05:06:41', '2017-12-31 05:06:41', NULL, '0'),
(33, '1', '33', '2017-12-31 05:06:41', '2017-12-31 05:06:41', NULL, '0'),
(34, '1', '34', '2017-12-31 05:06:41', '2017-12-31 05:06:41', NULL, '0'),
(35, '1', '35', '2017-12-31 05:06:41', '2017-12-31 05:06:41', NULL, '0'),
(36, '1', '36', '2017-12-31 05:06:41', '2017-12-31 05:06:41', NULL, '0'),
(37, '1', '37', '2017-12-31 05:06:41', '2017-12-31 05:06:41', NULL, '0'),
(38, '1', '38', '2017-12-31 05:06:41', '2017-12-31 05:06:41', NULL, '0'),
(39, '1', '39', '2017-12-31 05:06:41', '2017-12-31 05:06:41', NULL, '0'),
(40, '1', '40', '2017-12-31 05:06:41', '2017-12-31 05:06:41', NULL, '0'),
(41, '1', '41', '2017-12-31 05:06:41', '2017-12-31 05:06:41', NULL, '0'),
(42, '1', '42', '2017-12-31 05:06:41', '2017-12-31 05:06:41', NULL, '0'),
(43, '1', '43', '2017-12-31 05:06:41', '2017-12-31 05:06:41', NULL, '0'),
(44, '1', '44', '2017-12-31 05:06:41', '2017-12-31 05:06:41', NULL, '0'),
(45, '1', '45', '2017-12-31 05:06:41', '2017-12-31 05:06:41', NULL, '0'),
(46, '1', '46', '2017-12-31 05:06:41', '2017-12-31 05:06:41', NULL, '0'),
(47, '1', '47', '2017-12-31 05:06:41', '2017-12-31 05:06:41', NULL, '0'),
(48, '1', '48', '2017-12-31 05:06:41', '2017-12-31 05:06:41', NULL, '0'),
(49, '1', '49', '2017-12-31 05:06:41', '2017-12-31 05:06:41', NULL, '0'),
(50, '1', '50', '2017-12-31 05:06:41', '2017-12-31 05:06:41', NULL, '0'),
(51, '1', '51', '2017-12-31 05:06:41', '2017-12-31 05:06:41', NULL, '0'),
(52, '1', '52', '2017-12-31 05:06:41', '2017-12-31 05:06:41', NULL, '0'),
(53, '1', '53', '2017-12-31 05:06:41', '2017-12-31 05:06:41', NULL, '0'),
(54, '1', '54', '2017-12-31 05:06:41', '2017-12-31 05:06:41', NULL, '0'),
(55, '1', '55', '2017-12-31 05:06:41', '2017-12-31 05:06:41', NULL, '0'),
(56, '1', '56', '2017-12-31 05:06:41', '2017-12-31 05:06:41', NULL, '0'),
(57, '1', '57', '2017-12-31 05:06:41', '2017-12-31 05:06:41', NULL, '0'),
(58, '1', '58', '2017-12-31 05:06:41', '2017-12-31 05:06:41', NULL, '0'),
(59, '1', '59', '2017-12-31 05:06:41', '2017-12-31 05:06:41', NULL, '0'),
(60, '1', '60', '2017-12-31 05:06:41', '2017-12-31 05:06:41', NULL, '0'),
(61, '1', '61', '2017-12-31 05:06:41', '2017-12-31 05:06:41', NULL, '0'),
(62, '1', '62', '2017-12-31 05:06:41', '2017-12-31 05:06:41', NULL, '0'),
(63, '1', '63', '2017-12-31 05:06:41', '2017-12-31 05:06:41', NULL, '0'),
(64, '1', '64', '2017-12-31 05:06:41', '2017-12-31 05:06:41', NULL, '0'),
(65, '1', '65', '2017-12-31 05:06:41', '2017-12-31 05:06:41', NULL, '0'),
(66, '1', '66', '2017-12-31 05:06:41', '2017-12-31 05:06:41', NULL, '0'),
(67, '1', '67', '2017-12-31 05:06:41', '2017-12-31 05:06:41', NULL, '0'),
(68, '1', '68', '2017-12-31 05:06:41', '2017-12-31 05:06:41', NULL, '0'),
(69, '1', '69', '2017-12-31 05:06:41', '2017-12-31 05:06:41', NULL, '0'),
(70, '1', '70', '2017-12-31 05:06:41', '2017-12-31 05:06:41', NULL, '0'),
(71, '1', '71', '2017-12-31 05:06:41', '2017-12-31 05:06:41', NULL, '0'),
(72, '1', '72', '2017-12-31 05:06:41', '2017-12-31 05:06:41', NULL, '0'),
(73, '1', '73', '2017-12-31 05:06:41', '2017-12-31 05:06:41', NULL, '0'),
(74, '1', '74', '2017-12-31 05:06:41', '2017-12-31 05:06:41', NULL, '0'),
(75, '1', '75', '2017-12-31 05:06:41', '2017-12-31 05:06:41', NULL, '0'),
(76, '1', '76', '2017-12-31 05:06:41', '2017-12-31 05:06:41', NULL, '0'),
(77, '1', '77', '2017-12-31 05:06:41', '2017-12-31 05:06:41', NULL, '0'),
(78, '1', '78', '2017-12-31 05:06:41', '2017-12-31 05:06:41', NULL, '0'),
(79, '1', '79', '2017-12-31 05:06:41', '2017-12-31 05:06:41', NULL, '0'),
(80, '1', '80', '2017-12-31 05:06:41', '2017-12-31 05:06:41', NULL, '0'),
(81, '1', '81', '2017-12-31 05:06:41', '2017-12-31 05:06:41', NULL, '0'),
(82, '1', '82', '2017-12-31 05:06:41', '2017-12-31 05:06:41', NULL, '0'),
(83, '1', '83', '2017-12-31 05:06:41', '2017-12-31 05:06:41', NULL, '0'),
(84, '1', '84', '2017-12-31 05:06:41', '2017-12-31 05:06:41', NULL, '0'),
(85, '1', '85', '2017-12-31 05:06:41', '2017-12-31 05:06:41', NULL, '0'),
(86, '1', '86', '2017-12-31 05:06:41', '2017-12-31 05:06:41', NULL, '0'),
(87, '1', '87', '2017-12-31 05:06:41', '2017-12-31 05:06:41', NULL, '0'),
(88, '1', '88', '2017-12-31 05:06:41', '2017-12-31 05:06:41', NULL, '0'),
(89, '1', '89', '2017-12-31 05:06:41', '2017-12-31 05:06:41', NULL, '0'),
(90, '1', '90', '2017-12-31 05:06:41', '2017-12-31 05:06:41', NULL, '0'),
(91, '1', '91', '2017-12-31 05:06:41', '2017-12-31 05:06:41', NULL, '0'),
(92, '1', '92', '2017-12-31 05:06:41', '2017-12-31 05:06:41', NULL, '0'),
(93, '1', '93', '2017-12-31 05:06:41', '2017-12-31 05:06:41', NULL, '0'),
(94, '1', '94', '2017-12-31 05:06:41', '2017-12-31 05:06:41', NULL, '0'),
(95, '1', '95', '2017-12-31 05:06:41', '2017-12-31 05:06:41', NULL, '0'),
(96, '1', '96', '2017-12-31 05:06:41', '2017-12-31 05:06:41', NULL, '0'),
(97, '1', '97', '2017-12-31 05:06:41', '2017-12-31 05:06:41', NULL, '0'),
(98, '1', '98', '2017-12-31 05:06:41', '2017-12-31 05:06:41', NULL, '0'),
(99, '1', '99', '2017-12-31 05:06:41', '2017-12-31 05:06:41', NULL, '0'),
(100, '1', '100', '2017-12-31 05:06:41', '2017-12-31 05:06:41', NULL, '0'),
(101, '1', '101', '2017-12-31 05:06:41', '2017-12-31 05:06:41', NULL, '0'),
(102, '1', '102', '2017-12-31 05:06:41', '2017-12-31 05:06:41', NULL, '0'),
(103, '1', '103', '2017-12-31 05:06:41', '2017-12-31 05:06:41', NULL, '0'),
(104, '1', '104', '2017-12-31 05:06:41', '2017-12-31 05:06:41', NULL, '0'),
(105, '1', '105', '2017-12-31 05:06:41', '2017-12-31 05:06:41', NULL, '0'),
(106, '1', '106', '2017-12-31 05:06:41', '2017-12-31 05:06:41', NULL, '0'),
(107, '1', '107', '2017-12-31 05:06:41', '2017-12-31 05:06:41', NULL, '0'),
(108, '1', '108', '2017-12-31 05:06:41', '2017-12-31 05:06:41', NULL, '0'),
(109, '1', '109', '2017-12-31 05:06:41', '2017-12-31 05:06:41', NULL, '0'),
(110, '1', '110', '2017-12-31 05:06:41', '2017-12-31 05:06:41', NULL, '0'),
(111, '1', '111', '2017-12-31 05:06:41', '2017-12-31 05:06:41', NULL, '0'),
(112, '1', '112', '2017-12-31 05:06:41', '2017-12-31 05:06:41', NULL, '0'),
(113, '1', '113', '2017-12-31 05:06:41', '2017-12-31 05:06:41', NULL, '0'),
(114, '1', '114', '2017-12-31 05:06:41', '2017-12-31 05:06:41', NULL, '0'),
(115, '1', '115', '2017-12-31 05:06:41', '2017-12-31 05:06:41', NULL, '0'),
(116, '1', '116', '2017-12-31 05:06:41', '2017-12-31 05:06:41', NULL, '0'),
(117, '1', '117', '2017-12-31 05:06:41', '2017-12-31 05:06:41', NULL, '0'),
(118, '1', '118', '2017-12-31 05:06:41', '2017-12-31 05:06:41', NULL, '0'),
(119, '1', '119', '2017-12-31 05:06:41', '2017-12-31 05:06:41', NULL, '0'),
(120, '1', '120', '2017-12-31 05:06:41', '2017-12-31 05:06:41', NULL, '0'),
(121, '1', '121', '2017-12-31 05:06:41', '2017-12-31 05:06:41', NULL, '0'),
(122, '1', '122', '2017-12-31 05:06:41', '2017-12-31 05:06:41', NULL, '0'),
(123, '1', '123', '2017-12-31 05:06:41', '2017-12-31 05:06:41', NULL, '0'),
(124, '1', '124', '2017-12-31 05:06:41', '2017-12-31 05:06:41', NULL, '0'),
(125, '1', '125', '2017-12-31 05:06:41', '2017-12-31 05:06:41', NULL, '0'),
(126, '1', '126', '2017-12-31 05:06:41', '2017-12-31 05:06:41', NULL, '0'),
(127, '1', '127', '2017-12-31 05:06:41', '2017-12-31 05:06:41', NULL, '0'),
(128, '1', '128', '2017-12-31 05:06:41', '2017-12-31 05:06:41', NULL, '0'),
(129, '1', '129', '2017-12-31 05:06:41', '2017-12-31 05:06:41', NULL, '0'),
(130, '1', '130', '2017-12-31 05:06:41', '2017-12-31 05:06:41', NULL, '0'),
(131, '1', '131', '2017-12-31 05:06:41', '2017-12-31 05:06:41', NULL, '0'),
(132, '1', '132', '2017-12-31 05:06:41', '2017-12-31 05:06:41', NULL, '0'),
(133, '1', '133', '2017-12-31 05:06:41', '2017-12-31 05:06:41', NULL, '0'),
(134, '1', '134', '2017-12-31 05:06:41', '2017-12-31 05:06:41', NULL, '0'),
(135, '1', '135', '2017-12-31 05:06:41', '2017-12-31 05:06:41', NULL, '0'),
(136, '1', '136', '2017-12-31 05:06:41', '2017-12-31 05:06:41', NULL, '0'),
(137, '1', '137', '2017-12-31 05:06:41', '2017-12-31 05:06:41', NULL, '0'),
(138, '1', '138', '2017-12-31 05:06:41', '2017-12-31 05:06:41', NULL, '0'),
(139, '1', '139', '2017-12-31 05:06:41', '2017-12-31 05:06:41', NULL, '0'),
(140, '1', '140', '2017-12-31 05:06:41', '2017-12-31 05:06:41', NULL, '0'),
(141, '1', '141', '2017-12-31 05:06:41', '2017-12-31 05:06:41', NULL, '0'),
(142, '1', '142', '2017-12-31 05:06:41', '2017-12-31 05:06:41', NULL, '0'),
(143, '1', '143', '2017-12-31 05:06:41', '2017-12-31 05:06:41', NULL, '0'),
(144, '1', '144', '2017-12-31 05:06:41', '2017-12-31 05:06:41', NULL, '0'),
(145, '1', '145', '2017-12-31 05:06:41', '2017-12-31 05:06:41', NULL, '0'),
(146, '1', '146', '2017-12-31 05:06:41', '2017-12-31 05:06:41', NULL, '0'),
(147, '1', '147', '2017-12-31 05:06:41', '2017-12-31 05:06:41', NULL, '0'),
(148, '1', '148', '2017-12-31 05:06:41', '2017-12-31 05:06:41', NULL, '0'),
(149, '1', '149', '2017-12-31 05:06:41', '2017-12-31 05:06:41', NULL, '0'),
(150, '1', '150', '2017-12-31 05:06:41', '2017-12-31 05:06:41', NULL, '0'),
(151, '2', '1', '2017-12-31 05:06:41', '2017-12-31 05:06:41', NULL, '0'),
(152, '2', '2', '2017-12-31 05:06:41', '2017-12-31 05:06:41', NULL, '0'),
(153, '2', '3', '2017-12-31 05:06:41', '2017-12-31 05:06:41', NULL, '0'),
(154, '2', '4', '2017-12-31 05:06:41', '2017-12-31 05:06:41', NULL, '0'),
(155, '2', '5', '2017-12-31 05:06:41', '2017-12-31 05:06:41', NULL, '0'),
(156, '2', '6', '2017-12-31 05:06:41', '2017-12-31 05:06:41', NULL, '0'),
(157, '2', '7', '2017-12-31 05:06:41', '2017-12-31 05:06:41', NULL, '0'),
(158, '2', '8', '2017-12-31 05:06:41', '2017-12-31 05:06:41', NULL, '0'),
(159, '2', '9', '2017-12-31 05:06:41', '2017-12-31 05:06:41', NULL, '0'),
(160, '2', '10', '2017-12-31 05:06:41', '2017-12-31 05:06:41', NULL, '0'),
(161, '2', '11', '2017-12-31 05:06:41', '2017-12-31 05:06:41', NULL, '0'),
(162, '2', '12', '2017-12-31 05:06:41', '2017-12-31 05:06:41', NULL, '0'),
(163, '2', '13', '2017-12-31 05:06:41', '2017-12-31 05:06:41', NULL, '0'),
(164, '2', '14', '2017-12-31 05:06:41', '2017-12-31 05:06:41', NULL, '0'),
(165, '2', '15', '2017-12-31 05:06:41', '2017-12-31 05:06:41', NULL, '0'),
(166, '2', '16', '2017-12-31 05:06:41', '2017-12-31 05:06:41', NULL, '0'),
(167, '2', '17', '2017-12-31 05:06:41', '2017-12-31 05:06:41', NULL, '0'),
(168, '2', '18', '2017-12-31 05:06:41', '2017-12-31 05:06:41', NULL, '0'),
(169, '2', '19', '2017-12-31 05:06:41', '2017-12-31 05:06:41', NULL, '0'),
(170, '2', '20', '2017-12-31 05:06:41', '2017-12-31 05:06:41', NULL, '0'),
(171, '2', '21', '2017-12-31 05:06:41', '2017-12-31 05:06:41', NULL, '0'),
(172, '2', '22', '2017-12-31 05:06:41', '2017-12-31 05:06:41', NULL, '0'),
(173, '2', '23', '2017-12-31 05:06:41', '2017-12-31 05:06:41', NULL, '0'),
(174, '2', '24', '2017-12-31 05:06:41', '2017-12-31 05:06:41', NULL, '0'),
(175, '2', '25', '2017-12-31 05:06:41', '2017-12-31 05:06:41', NULL, '0'),
(176, '2', '26', '2017-12-31 05:06:41', '2017-12-31 05:06:41', NULL, '0'),
(177, '2', '27', '2017-12-31 05:06:41', '2017-12-31 05:06:41', NULL, '0'),
(178, '2', '28', '2017-12-31 05:06:41', '2017-12-31 05:06:41', NULL, '0'),
(179, '2', '29', '2017-12-31 05:06:41', '2017-12-31 05:06:41', NULL, '0'),
(180, '2', '30', '2017-12-31 05:06:41', '2017-12-31 05:06:41', NULL, '0'),
(181, '2', '31', '2017-12-31 05:06:41', '2017-12-31 05:06:41', NULL, '0'),
(182, '2', '32', '2017-12-31 05:06:41', '2017-12-31 05:06:41', NULL, '0'),
(183, '2', '33', '2017-12-31 05:06:41', '2017-12-31 05:06:41', NULL, '0'),
(184, '2', '34', '2017-12-31 05:06:41', '2017-12-31 05:06:41', NULL, '0'),
(185, '2', '35', '2017-12-31 05:06:41', '2017-12-31 05:06:41', NULL, '0'),
(186, '2', '36', '2017-12-31 05:06:41', '2017-12-31 05:06:41', NULL, '0'),
(187, '2', '37', '2017-12-31 05:06:41', '2017-12-31 05:06:41', NULL, '0'),
(188, '2', '38', '2017-12-31 05:06:41', '2017-12-31 05:06:41', NULL, '0'),
(189, '2', '39', '2017-12-31 05:06:41', '2017-12-31 05:06:41', NULL, '0'),
(190, '2', '40', '2017-12-31 05:06:41', '2017-12-31 05:06:41', NULL, '0'),
(191, '2', '41', '2017-12-31 05:06:41', '2017-12-31 05:06:41', NULL, '0'),
(192, '2', '42', '2017-12-31 05:06:41', '2017-12-31 05:06:41', NULL, '0'),
(193, '2', '43', '2017-12-31 05:06:41', '2017-12-31 05:06:41', NULL, '0'),
(194, '2', '44', '2017-12-31 05:06:41', '2017-12-31 05:06:41', NULL, '0'),
(195, '2', '45', '2017-12-31 05:06:41', '2017-12-31 05:06:41', NULL, '0'),
(196, '2', '46', '2017-12-31 05:06:41', '2017-12-31 05:06:41', NULL, '0'),
(197, '2', '47', '2017-12-31 05:06:41', '2017-12-31 05:06:41', NULL, '0'),
(198, '2', '48', '2017-12-31 05:06:41', '2017-12-31 05:06:41', NULL, '0'),
(199, '2', '49', '2017-12-31 05:06:41', '2017-12-31 05:06:41', NULL, '0'),
(200, '2', '50', '2017-12-31 05:06:41', '2017-12-31 05:06:41', NULL, '0'),
(201, '2', '51', '2017-12-31 05:06:41', '2017-12-31 05:06:41', NULL, '0'),
(202, '2', '52', '2017-12-31 05:06:41', '2017-12-31 05:06:41', NULL, '0'),
(203, '2', '53', '2017-12-31 05:06:41', '2017-12-31 05:06:41', NULL, '0'),
(204, '2', '54', '2017-12-31 05:06:41', '2017-12-31 05:06:41', NULL, '0'),
(205, '2', '55', '2017-12-31 05:06:41', '2017-12-31 05:06:41', NULL, '0'),
(206, '2', '56', '2017-12-31 05:06:41', '2017-12-31 05:06:41', NULL, '0'),
(207, '2', '57', '2017-12-31 05:06:41', '2017-12-31 05:06:41', NULL, '0'),
(208, '2', '58', '2017-12-31 05:06:41', '2017-12-31 05:06:41', NULL, '0'),
(209, '2', '59', '2017-12-31 05:06:41', '2017-12-31 05:06:41', NULL, '0'),
(210, '2', '60', '2017-12-31 05:06:41', '2017-12-31 05:06:41', NULL, '0'),
(211, '2', '61', '2017-12-31 05:06:41', '2017-12-31 05:06:41', NULL, '0'),
(212, '2', '62', '2017-12-31 05:06:41', '2017-12-31 05:06:41', NULL, '0'),
(213, '2', '63', '2017-12-31 05:06:41', '2017-12-31 05:06:41', NULL, '0'),
(214, '2', '64', '2017-12-31 05:06:41', '2017-12-31 05:06:41', NULL, '0'),
(215, '2', '65', '2017-12-31 05:06:41', '2017-12-31 05:06:41', NULL, '0'),
(216, '2', '66', '2017-12-31 05:06:41', '2017-12-31 05:06:41', NULL, '0'),
(217, '2', '67', '2017-12-31 05:06:41', '2017-12-31 05:06:41', NULL, '0'),
(218, '2', '68', '2017-12-31 05:06:41', '2017-12-31 05:06:41', NULL, '0'),
(219, '2', '69', '2017-12-31 05:06:41', '2017-12-31 05:06:41', NULL, '0'),
(220, '2', '70', '2017-12-31 05:06:41', '2017-12-31 05:06:41', NULL, '0'),
(221, '2', '71', '2017-12-31 05:06:41', '2017-12-31 05:06:41', NULL, '0'),
(222, '2', '72', '2017-12-31 05:06:41', '2017-12-31 05:06:41', NULL, '0'),
(223, '2', '73', '2017-12-31 05:06:41', '2017-12-31 05:06:41', NULL, '0'),
(224, '2', '74', '2017-12-31 05:06:41', '2017-12-31 05:06:41', NULL, '0'),
(225, '2', '75', '2017-12-31 05:06:41', '2017-12-31 05:06:41', NULL, '0'),
(226, '2', '76', '2017-12-31 05:06:41', '2017-12-31 05:06:41', NULL, '0'),
(227, '2', '77', '2017-12-31 05:06:41', '2017-12-31 05:06:41', NULL, '0'),
(228, '2', '78', '2017-12-31 05:06:41', '2017-12-31 05:06:41', NULL, '0'),
(229, '2', '79', '2017-12-31 05:06:41', '2017-12-31 05:06:41', NULL, '0'),
(230, '2', '80', '2017-12-31 05:06:41', '2017-12-31 05:06:41', NULL, '0'),
(231, '2', '81', '2017-12-31 05:06:41', '2017-12-31 05:06:41', NULL, '0'),
(232, '2', '82', '2017-12-31 05:06:41', '2017-12-31 05:06:41', NULL, '0'),
(233, '2', '83', '2017-12-31 05:06:41', '2017-12-31 05:06:41', NULL, '0'),
(234, '2', '84', '2017-12-31 05:06:41', '2017-12-31 05:06:41', NULL, '0'),
(235, '2', '85', '2017-12-31 05:06:41', '2017-12-31 05:06:41', NULL, '0'),
(236, '2', '86', '2017-12-31 05:06:41', '2017-12-31 05:06:41', NULL, '0'),
(237, '2', '87', '2017-12-31 05:06:41', '2017-12-31 05:06:41', NULL, '0'),
(238, '2', '88', '2017-12-31 05:06:41', '2017-12-31 05:06:41', NULL, '0'),
(239, '2', '89', '2017-12-31 05:06:41', '2017-12-31 05:06:41', NULL, '0'),
(240, '2', '90', '2017-12-31 05:06:41', '2017-12-31 05:06:41', NULL, '0'),
(241, '2', '91', '2017-12-31 05:06:41', '2017-12-31 05:06:41', NULL, '0'),
(242, '2', '92', '2017-12-31 05:06:41', '2017-12-31 05:06:41', NULL, '0'),
(243, '2', '93', '2017-12-31 05:06:41', '2017-12-31 05:06:41', NULL, '0'),
(244, '2', '94', '2017-12-31 05:06:41', '2017-12-31 05:06:41', NULL, '0'),
(245, '2', '95', '2017-12-31 05:06:41', '2017-12-31 05:06:41', NULL, '0'),
(246, '2', '96', '2017-12-31 05:06:41', '2017-12-31 05:06:41', NULL, '0'),
(247, '2', '97', '2017-12-31 05:06:41', '2017-12-31 05:06:41', NULL, '0'),
(248, '2', '98', '2017-12-31 05:06:41', '2017-12-31 05:06:41', NULL, '0'),
(249, '2', '99', '2017-12-31 05:06:41', '2017-12-31 05:06:41', NULL, '0'),
(250, '2', '100', '2017-12-31 05:06:41', '2017-12-31 05:06:41', NULL, '0'),
(251, '2', '101', '2017-12-31 05:06:41', '2017-12-31 05:06:41', NULL, '0'),
(252, '2', '102', '2017-12-31 05:06:41', '2017-12-31 05:06:41', NULL, '0'),
(253, '2', '103', '2017-12-31 05:06:41', '2017-12-31 05:06:41', NULL, '0'),
(254, '2', '104', '2017-12-31 05:06:41', '2017-12-31 05:06:41', NULL, '0'),
(255, '2', '105', '2017-12-31 05:06:41', '2017-12-31 05:06:41', NULL, '0'),
(256, '2', '106', '2017-12-31 05:06:41', '2017-12-31 05:06:41', NULL, '0'),
(257, '2', '107', '2017-12-31 05:06:41', '2017-12-31 05:06:41', NULL, '0'),
(258, '2', '108', '2017-12-31 05:06:41', '2017-12-31 05:06:41', NULL, '0'),
(259, '2', '109', '2017-12-31 05:06:41', '2017-12-31 05:06:41', NULL, '0'),
(260, '2', '110', '2017-12-31 05:06:41', '2017-12-31 05:06:41', NULL, '0'),
(261, '2', '111', '2017-12-31 05:06:41', '2017-12-31 05:06:41', NULL, '0'),
(262, '2', '112', '2017-12-31 05:06:41', '2017-12-31 05:06:41', NULL, '0'),
(263, '2', '113', '2017-12-31 05:06:41', '2017-12-31 05:06:41', NULL, '0'),
(264, '2', '114', '2017-12-31 05:06:41', '2017-12-31 05:06:41', NULL, '0'),
(265, '2', '115', '2017-12-31 05:06:41', '2017-12-31 05:06:41', NULL, '0'),
(266, '2', '116', '2017-12-31 05:06:41', '2017-12-31 05:06:41', NULL, '0'),
(267, '2', '117', '2017-12-31 05:06:41', '2017-12-31 05:06:41', NULL, '0'),
(268, '2', '118', '2017-12-31 05:06:41', '2017-12-31 05:06:41', NULL, '0'),
(269, '2', '119', '2017-12-31 05:06:41', '2017-12-31 05:06:41', NULL, '0'),
(270, '2', '120', '2017-12-31 05:06:41', '2017-12-31 05:06:41', NULL, '0'),
(271, '2', '121', '2017-12-31 05:06:41', '2017-12-31 05:06:41', NULL, '0'),
(272, '2', '122', '2017-12-31 05:06:41', '2017-12-31 05:06:41', NULL, '0'),
(273, '2', '123', '2017-12-31 05:06:41', '2017-12-31 05:06:41', NULL, '0'),
(274, '2', '124', '2017-12-31 05:06:41', '2017-12-31 05:06:41', NULL, '0'),
(275, '2', '125', '2017-12-31 05:06:41', '2017-12-31 05:06:41', NULL, '0'),
(276, '2', '126', '2017-12-31 05:06:41', '2017-12-31 05:06:41', NULL, '0'),
(277, '2', '127', '2017-12-31 05:06:41', '2017-12-31 05:06:41', NULL, '0'),
(278, '2', '128', '2017-12-31 05:06:41', '2017-12-31 05:06:41', NULL, '0'),
(279, '2', '129', '2017-12-31 05:06:41', '2017-12-31 05:06:41', NULL, '0'),
(280, '2', '130', '2017-12-31 05:06:41', '2017-12-31 05:06:41', NULL, '0'),
(281, '2', '131', '2017-12-31 05:06:41', '2017-12-31 05:06:41', NULL, '0'),
(282, '2', '132', '2017-12-31 05:06:41', '2017-12-31 05:06:41', NULL, '0'),
(283, '2', '133', '2017-12-31 05:06:41', '2017-12-31 05:06:41', NULL, '0'),
(284, '2', '134', '2017-12-31 05:06:41', '2017-12-31 05:06:41', NULL, '0'),
(285, '2', '135', '2017-12-31 05:06:41', '2017-12-31 05:06:41', NULL, '0'),
(286, '2', '136', '2017-12-31 05:06:41', '2017-12-31 05:06:41', NULL, '0'),
(287, '2', '137', '2017-12-31 05:06:41', '2017-12-31 05:06:41', NULL, '0'),
(288, '2', '138', '2017-12-31 05:06:41', '2017-12-31 05:06:41', NULL, '0'),
(289, '2', '139', '2017-12-31 05:06:41', '2017-12-31 05:06:41', NULL, '0'),
(290, '2', '140', '2017-12-31 05:06:41', '2017-12-31 05:06:41', NULL, '0'),
(291, '2', '141', '2017-12-31 05:06:41', '2017-12-31 05:06:41', NULL, '0'),
(292, '2', '142', '2017-12-31 05:06:41', '2017-12-31 05:06:41', NULL, '0'),
(293, '2', '143', '2017-12-31 05:06:41', '2017-12-31 05:06:41', NULL, '0'),
(294, '2', '144', '2017-12-31 05:06:41', '2017-12-31 05:06:41', NULL, '0'),
(295, '2', '145', '2017-12-31 05:06:41', '2017-12-31 05:06:41', NULL, '0'),
(296, '2', '146', '2017-12-31 05:06:41', '2017-12-31 05:06:41', NULL, '0'),
(297, '2', '147', '2017-12-31 05:06:41', '2017-12-31 05:06:41', NULL, '0'),
(298, '2', '148', '2017-12-31 05:06:41', '2017-12-31 05:06:41', NULL, '0'),
(299, '2', '149', '2017-12-31 05:06:41', '2017-12-31 05:06:41', NULL, '0'),
(300, '2', '150', '2017-12-31 05:06:41', '2017-12-31 05:06:41', NULL, '0');

-- --------------------------------------------------------

--
-- Table structure for table `companies`
--

CREATE TABLE `companies` (
  `id` int(10) UNSIGNED NOT NULL,
  `name` varchar(191) COLLATE utf8mb4_unicode_ci DEFAULT NULL,
  `GSTTin` varchar(191) COLLATE utf8mb4_unicode_ci DEFAULT NULL,
  `RegNo` varchar(191) COLLATE utf8mb4_unicode_ci DEFAULT NULL,
  `address` varchar(191) COLLATE utf8mb4_unicode_ci DEFAULT NULL,
  `island` varchar(191) COLLATE utf8mb4_unicode_ci DEFAULT NULL,
  `city` varchar(191) COLLATE utf8mb4_unicode_ci DEFAULT NULL,
  `telephone` varchar(191) COLLATE utf8mb4_unicode_ci DEFAULT NULL,
  `fax` varchar(191) COLLATE utf8mb4_unicode_ci DEFAULT NULL,
  `mobile` varchar(191) COLLATE utf8mb4_unicode_ci DEFAULT NULL,
  `email` varchar(191) COLLATE utf8mb4_unicode_ci DEFAULT NULL,
  `website` varchar(191) COLLATE utf8mb4_unicode_ci DEFAULT NULL,
  `ownername` varchar(191) COLLATE utf8mb4_unicode_ci DEFAULT NULL,
  `owneremail` varchar(191) COLLATE utf8mb4_unicode_ci DEFAULT NULL,
  `ownermobile` varchar(191) COLLATE utf8mb4_unicode_ci DEFAULT NULL,
  `active` varchar(191) COLLATE utf8mb4_unicode_ci DEFAULT NULL,
  `created_at` timestamp NULL DEFAULT NULL,
  `updated_at` timestamp NULL DEFAULT NULL,
  `deleted_at` timestamp NULL DEFAULT NULL
) ENGINE=InnoDB DEFAULT CHARSET=utf8mb4 COLLATE=utf8mb4_unicode_ci;

--
-- Dumping data for table `companies`
--

INSERT INTO `companies` (`id`, `name`, `GSTTin`, `RegNo`, `address`, `island`, `city`, `telephone`, `fax`, `mobile`, `email`, `website`, `ownername`, `owneremail`, `ownermobile`, `active`, `created_at`, `updated_at`, `deleted_at`) VALUES
(3, 'Yaniu', 'dfgdfg', 'sdfsdf', 'sdfsdf', 'sdfsdfdsf', 'sdfdsf', 'sdvsdfs', 'df', 'dsfsd', 'fdsfsdf', 'sdfsdfsd', 'fsdf', 'sdfsdf', 'sedfdf', NULL, '2017-12-31 11:01:47', '2017-12-31 11:01:47', NULL);

-- --------------------------------------------------------

--
-- Table structure for table `drivers`
--

CREATE TABLE `drivers` (
  `id` int(10) UNSIGNED NOT NULL,
  `taxi_id` varchar(191) COLLATE utf8mb4_unicode_ci DEFAULT NULL,
  `driverName` varchar(191) COLLATE utf8mb4_unicode_ci DEFAULT NULL,
  `driverIdNo` varchar(191) COLLATE utf8mb4_unicode_ci DEFAULT NULL,
  `driverTempAdd` varchar(191) COLLATE utf8mb4_unicode_ci DEFAULT NULL,
  `driverPermAdd` varchar(191) COLLATE utf8mb4_unicode_ci DEFAULT NULL,
  `driverMobile` varchar(191) COLLATE utf8mb4_unicode_ci DEFAULT NULL,
  `driverEmail` varchar(191) COLLATE utf8mb4_unicode_ci DEFAULT NULL,
  `driverLicenceNo` varchar(191) COLLATE utf8mb4_unicode_ci DEFAULT NULL,
  `driverLicenceExp` varchar(191) COLLATE utf8mb4_unicode_ci DEFAULT NULL,
  `driverPermitNo` varchar(191) COLLATE utf8mb4_unicode_ci DEFAULT NULL,
  `driverPermitExp` varchar(191) COLLATE utf8mb4_unicode_ci DEFAULT NULL,
  `photoURL` varchar(191) COLLATE utf8mb4_unicode_ci DEFAULT NULL,
  `created_at` timestamp NULL DEFAULT NULL,
  `updated_at` timestamp NULL DEFAULT NULL,
  `deleted_at` timestamp NULL DEFAULT NULL,
  `active` varchar(191) COLLATE utf8mb4_unicode_ci DEFAULT NULL,
  `li_front_url_o` varchar(191) COLLATE utf8mb4_unicode_ci DEFAULT NULL,
  `li_back_url_o` varchar(191) COLLATE utf8mb4_unicode_ci DEFAULT NULL,
  `driver_photo_url_o` varchar(191) COLLATE utf8mb4_unicode_ci DEFAULT NULL,
  `li_front_url_t` varchar(191) COLLATE utf8mb4_unicode_ci DEFAULT NULL,
  `li_back_url_t` varchar(191) COLLATE utf8mb4_unicode_ci DEFAULT NULL,
  `driver_photo_url_t` varchar(191) COLLATE utf8mb4_unicode_ci DEFAULT NULL
) ENGINE=InnoDB DEFAULT CHARSET=utf8mb4 COLLATE=utf8mb4_unicode_ci;

--
-- Dumping data for table `drivers`
--

INSERT INTO `drivers` (`id`, `taxi_id`, `driverName`, `driverIdNo`, `driverTempAdd`, `driverPermAdd`, `driverMobile`, `driverEmail`, `driverLicenceNo`, `driverLicenceExp`, `driverPermitNo`, `driverPermitExp`, `photoURL`, `created_at`, `updated_at`, `deleted_at`, `active`, `li_front_url_o`, `li_back_url_o`, `driver_photo_url_o`, `li_front_url_t`, `li_back_url_t`, `driver_photo_url_t`) VALUES
(1, '1', 'sadas', 'dasdasdas', 'asdasdas', 'sadasd', 'asdsadas', 'dasdas', 'sadasd', '2018-01-25', 'sadasd', '2018-01-27', NULL, '2018-01-01 01:50:35', '2018-01-01 01:53:13', '2018-01-01 01:53:13', NULL, NULL, NULL, NULL, NULL, NULL, NULL),
(2, '1', 'sadas', 'dasdasdas', 'asdasdas', 'sadasd', 'asdsadas', 'dasdas', 'sadasd', '2018-01-25', 'sadasd', '2018-01-27', NULL, '2018-01-01 01:50:55', '2018-01-01 01:53:26', '2018-01-01 01:53:26', NULL, 'Taxi/6548/driver/original/ew.jpg', 'Taxi/6548/driver/original/ewe.jpg', 'Taxi/6548/driver/original/viber image.jpg', 'Taxi/6548/driver/thumbnail/ew.jpg', 'Taxi/6548/driver/thumbnail/ewe.jpg', 'Taxi/6548/driver/thumbnail/viber image.jpg'),
(3, '1', 'Yaniu', 'xcvxcvcxv', 'sadasd', 'asdas', '7779423', 'asdasd', 'asdasd', '2018-01-27', 'sadsasd', '2018-01-24', NULL, '2018-01-01 01:54:20', '2018-01-01 01:54:34', NULL, NULL, 'Taxi/6548/driver/original/ew.jpg', 'Taxi/6548/driver/original/ewe.jpg', 'Taxi/6548/driver/original/17.png', 'Taxi/6548/driver/thumbnail/ew.jpg', 'Taxi/6548/driver/thumbnail/ewe.jpg', 'Taxi/6548/driver/thumbnail/17.png');

-- --------------------------------------------------------

--
-- Table structure for table `migrations`
--

CREATE TABLE `migrations` (
  `id` int(10) UNSIGNED NOT NULL,
  `migration` varchar(191) COLLATE utf8mb4_unicode_ci NOT NULL,
  `batch` int(11) NOT NULL
) ENGINE=InnoDB DEFAULT CHARSET=utf8mb4 COLLATE=utf8mb4_unicode_ci;

--
-- Dumping data for table `migrations`
--

INSERT INTO `migrations` (`id`, `migration`, `batch`) VALUES
(1, '2014_10_12_000000_create_users_table', 1),
(2, '2014_10_12_100000_create_password_resets_table', 1),
(3, '2017_07_02_194652_create_companies_table', 1),
(4, '2017_08_05_091711_TaxiCenter', 1),
(5, '2017_08_06_153346_create_call_codes_table', 1),
(6, '2017_08_07_080835_create_taxis_table', 1),
(7, '2017_08_07_162156_create_drivers_table', 1),
(8, '2017_08_11_050758_create_payment_histories_table', 1),
(9, '2017_08_11_051336_create_payment_months_table', 1),
(10, '2017_08_13_135249_add_center_name_to_taxis', 1),
(11, '2017_08_13_140137_add_taken_to_callcode', 1),
(12, '2017_08_13_140144_add_taken_to_taxi', 1),
(13, '2017_08_19_112935_create_sms_table', 1);

-- --------------------------------------------------------

--
-- Table structure for table `password_resets`
--

CREATE TABLE `password_resets` (
  `email` varchar(191) COLLATE utf8mb4_unicode_ci NOT NULL,
  `token` varchar(191) COLLATE utf8mb4_unicode_ci NOT NULL,
  `created_at` timestamp NULL DEFAULT NULL
) ENGINE=InnoDB DEFAULT CHARSET=utf8mb4 COLLATE=utf8mb4_unicode_ci;

-- --------------------------------------------------------

--
-- Table structure for table `payment_histories`
--

CREATE TABLE `payment_histories` (
  `id` int(10) UNSIGNED NOT NULL,
  `taxi_id` varchar(191) COLLATE utf8mb4_unicode_ci DEFAULT NULL,
  `month` int(11) DEFAULT NULL,
  `year` int(11) DEFAULT NULL,
  `qty` int(11) DEFAULT NULL,
  `total` int(11) DEFAULT NULL,
  `subtotal` int(11) DEFAULT NULL,
  `gstAmount` int(11) DEFAULT NULL,
  `totalAmount` int(11) DEFAULT NULL,
  `slipNo` varchar(191) COLLATE utf8mb4_unicode_ci DEFAULT NULL,
  `desc` text COLLATE utf8mb4_unicode_ci,
  `user_id` int(11) DEFAULT NULL,
  `paymentStatus` int(11) NOT NULL DEFAULT '0',
  `created_at` timestamp NULL DEFAULT NULL,
  `updated_at` timestamp NULL DEFAULT NULL,
  `deleted_at` timestamp NULL DEFAULT NULL
) ENGINE=InnoDB DEFAULT CHARSET=utf8mb4 COLLATE=utf8mb4_unicode_ci;

--
-- Dumping data for table `payment_histories`
--

INSERT INTO `payment_histories` (`id`, `taxi_id`, `month`, `year`, `qty`, `total`, `subtotal`, `gstAmount`, `totalAmount`, `slipNo`, `desc`, `user_id`, `paymentStatus`, `created_at`, `updated_at`, `deleted_at`) VALUES
(1, '1', 1, 2018, NULL, NULL, NULL, NULL, NULL, NULL, 'Monthly Taxi Fee', NULL, 0, '2018-01-01 01:51:26', '2018-01-01 01:51:26', NULL),
(2, '2', 1, 2018, NULL, NULL, NULL, NULL, NULL, NULL, 'Monthly Taxi Fee', NULL, 0, '2018-01-01 01:51:26', '2018-01-01 01:51:26', NULL),
(3, '3', 1, 2018, NULL, NULL, NULL, NULL, NULL, NULL, 'Monthly Taxi Fee', NULL, 0, '2018-01-01 01:51:26', '2018-01-01 01:51:26', NULL),
(4, '4', 1, 2018, NULL, NULL, NULL, NULL, NULL, NULL, 'Monthly Taxi Fee', NULL, 0, '2018-01-01 01:51:27', '2018-01-01 01:51:27', NULL),
(5, '5', 1, 2018, NULL, NULL, NULL, NULL, NULL, NULL, 'Monthly Taxi Fee', NULL, 0, '2018-01-01 01:51:27', '2018-01-01 01:51:27', NULL),
(6, '6', 1, 2018, NULL, NULL, NULL, NULL, NULL, NULL, 'Monthly Taxi Fee', NULL, 0, '2018-01-01 01:51:27', '2018-01-01 01:51:27', NULL),
(7, '7', 1, 2018, NULL, NULL, NULL, NULL, NULL, NULL, 'Monthly Taxi Fee', NULL, 0, '2018-01-01 01:51:27', '2018-01-01 01:51:27', NULL),
(8, '8', 1, 2018, NULL, NULL, NULL, NULL, NULL, NULL, 'Monthly Taxi Fee', NULL, 0, '2018-01-01 01:51:27', '2018-01-01 01:51:27', NULL),
(9, '9', 1, 2018, NULL, NULL, NULL, NULL, NULL, NULL, 'Monthly Taxi Fee', NULL, 0, '2018-01-01 01:51:27', '2018-01-01 01:51:27', NULL),
(10, '10', 1, 2018, NULL, NULL, NULL, NULL, NULL, NULL, 'Monthly Taxi Fee', NULL, 0, '2018-01-01 01:51:27', '2018-01-01 01:51:27', NULL),
(11, '11', 1, 2018, NULL, NULL, NULL, NULL, NULL, NULL, 'Monthly Taxi Fee', NULL, 0, '2018-01-01 01:51:27', '2018-01-01 01:51:27', NULL),
(12, '12', 1, 2018, NULL, NULL, NULL, NULL, NULL, NULL, 'Monthly Taxi Fee', NULL, 0, '2018-01-01 01:51:27', '2018-01-01 01:51:27', NULL),
(13, '13', 1, 2018, NULL, NULL, NULL, NULL, NULL, NULL, 'Monthly Taxi Fee', NULL, 0, '2018-01-01 01:51:27', '2018-01-01 01:51:27', NULL),
(14, '14', 1, 2018, NULL, NULL, NULL, NULL, NULL, NULL, 'Monthly Taxi Fee', NULL, 0, '2018-01-01 01:51:27', '2018-01-01 01:51:27', NULL),
(15, '15', 1, 2018, NULL, NULL, NULL, NULL, NULL, NULL, 'Monthly Taxi Fee', NULL, 0, '2018-01-01 01:51:27', '2018-01-01 01:51:27', NULL),
(16, '16', 1, 2018, NULL, NULL, NULL, NULL, NULL, NULL, 'Monthly Taxi Fee', NULL, 0, '2018-01-01 01:51:27', '2018-01-01 01:51:27', NULL),
(17, '17', 1, 2018, NULL, NULL, NULL, NULL, NULL, NULL, 'Monthly Taxi Fee', NULL, 0, '2018-01-01 01:51:27', '2018-01-01 01:51:27', NULL),
(18, '18', 1, 2018, NULL, NULL, NULL, NULL, NULL, NULL, 'Monthly Taxi Fee', NULL, 0, '2018-01-01 01:51:27', '2018-01-01 01:51:27', NULL),
(19, '19', 1, 2018, NULL, NULL, NULL, NULL, NULL, NULL, 'Monthly Taxi Fee', NULL, 0, '2018-01-01 01:51:27', '2018-01-01 01:51:27', NULL),
(20, '20', 1, 2018, NULL, NULL, NULL, NULL, NULL, NULL, 'Monthly Taxi Fee', NULL, 0, '2018-01-01 01:51:27', '2018-01-01 01:51:27', NULL),
(21, '21', 1, 2018, NULL, NULL, NULL, NULL, NULL, NULL, 'Monthly Taxi Fee', NULL, 0, '2018-01-01 01:51:27', '2018-01-01 01:51:27', NULL),
(22, '22', 1, 2018, NULL, NULL, NULL, NULL, NULL, NULL, 'Monthly Taxi Fee', NULL, 0, '2018-01-01 01:51:27', '2018-01-01 01:51:27', NULL),
(23, '23', 1, 2018, NULL, NULL, NULL, NULL, NULL, NULL, 'Monthly Taxi Fee', NULL, 0, '2018-01-01 01:51:27', '2018-01-01 01:51:27', NULL),
(24, '24', 1, 2018, NULL, NULL, NULL, NULL, NULL, NULL, 'Monthly Taxi Fee', NULL, 0, '2018-01-01 01:51:27', '2018-01-01 01:51:27', NULL),
(25, '25', 1, 2018, NULL, NULL, NULL, NULL, NULL, NULL, 'Monthly Taxi Fee', NULL, 0, '2018-01-01 01:51:27', '2018-01-01 01:51:27', NULL),
(26, '26', 1, 2018, NULL, NULL, NULL, NULL, NULL, NULL, 'Monthly Taxi Fee', NULL, 0, '2018-01-01 01:51:27', '2018-01-01 01:51:27', NULL),
(27, '27', 1, 2018, NULL, NULL, NULL, NULL, NULL, NULL, 'Monthly Taxi Fee', NULL, 0, '2018-01-01 01:51:28', '2018-01-01 01:51:28', NULL),
(28, '28', 1, 2018, NULL, NULL, NULL, NULL, NULL, NULL, 'Monthly Taxi Fee', NULL, 0, '2018-01-01 01:51:28', '2018-01-01 01:51:28', NULL),
(29, '29', 1, 2018, NULL, NULL, NULL, NULL, NULL, NULL, 'Monthly Taxi Fee', NULL, 0, '2018-01-01 01:51:28', '2018-01-01 01:51:28', NULL),
(30, '30', 1, 2018, NULL, NULL, NULL, NULL, NULL, NULL, 'Monthly Taxi Fee', NULL, 0, '2018-01-01 01:51:28', '2018-01-01 01:51:28', NULL),
(31, '31', 1, 2018, NULL, NULL, NULL, NULL, NULL, NULL, 'Monthly Taxi Fee', NULL, 0, '2018-01-01 01:51:28', '2018-01-01 01:51:28', NULL),
(32, '32', 1, 2018, NULL, NULL, NULL, NULL, NULL, NULL, 'Monthly Taxi Fee', NULL, 0, '2018-01-01 01:51:28', '2018-01-01 01:51:28', NULL),
(33, '33', 1, 2018, NULL, NULL, NULL, NULL, NULL, NULL, 'Monthly Taxi Fee', NULL, 0, '2018-01-01 01:51:28', '2018-01-01 01:51:28', NULL),
(34, '34', 1, 2018, NULL, NULL, NULL, NULL, NULL, NULL, 'Monthly Taxi Fee', NULL, 0, '2018-01-01 01:51:28', '2018-01-01 01:51:28', NULL),
(35, '35', 1, 2018, NULL, NULL, NULL, NULL, NULL, NULL, 'Monthly Taxi Fee', NULL, 0, '2018-01-01 01:51:28', '2018-01-01 01:51:28', NULL),
(36, '36', 1, 2018, NULL, NULL, NULL, NULL, NULL, NULL, 'Monthly Taxi Fee', NULL, 0, '2018-01-01 01:51:28', '2018-01-01 01:51:28', NULL),
(37, '37', 1, 2018, NULL, NULL, NULL, NULL, NULL, NULL, 'Monthly Taxi Fee', NULL, 0, '2018-01-01 01:51:28', '2018-01-01 01:51:28', NULL),
(38, '38', 1, 2018, NULL, NULL, NULL, NULL, NULL, NULL, 'Monthly Taxi Fee', NULL, 0, '2018-01-01 01:51:28', '2018-01-01 01:51:28', NULL),
(39, '39', 1, 2018, NULL, NULL, NULL, NULL, NULL, NULL, 'Monthly Taxi Fee', NULL, 0, '2018-01-01 01:51:28', '2018-01-01 01:51:28', NULL),
(40, '40', 1, 2018, NULL, NULL, NULL, NULL, NULL, NULL, 'Monthly Taxi Fee', NULL, 0, '2018-01-01 01:51:28', '2018-01-01 01:51:28', NULL),
(41, '41', 1, 2018, NULL, NULL, NULL, NULL, NULL, NULL, 'Monthly Taxi Fee', NULL, 0, '2018-01-01 01:51:28', '2018-01-01 01:51:28', NULL),
(42, '42', 1, 2018, NULL, NULL, NULL, NULL, NULL, NULL, 'Monthly Taxi Fee', NULL, 0, '2018-01-01 01:51:28', '2018-01-01 01:51:28', NULL),
(43, '43', 1, 2018, NULL, NULL, NULL, NULL, NULL, NULL, 'Monthly Taxi Fee', NULL, 0, '2018-01-01 01:51:28', '2018-01-01 01:51:28', NULL),
(44, '44', 1, 2018, NULL, NULL, NULL, NULL, NULL, NULL, 'Monthly Taxi Fee', NULL, 0, '2018-01-01 01:51:28', '2018-01-01 01:51:28', NULL),
(45, '45', 1, 2018, NULL, NULL, NULL, NULL, NULL, NULL, 'Monthly Taxi Fee', NULL, 0, '2018-01-01 01:51:28', '2018-01-01 01:51:28', NULL),
(46, '46', 1, 2018, NULL, NULL, NULL, NULL, NULL, NULL, 'Monthly Taxi Fee', NULL, 0, '2018-01-01 01:51:28', '2018-01-01 01:51:28', NULL),
(47, '47', 1, 2018, NULL, NULL, NULL, NULL, NULL, NULL, 'Monthly Taxi Fee', NULL, 0, '2018-01-01 01:51:28', '2018-01-01 01:51:28', NULL),
(48, '48', 1, 2018, NULL, NULL, NULL, NULL, NULL, NULL, 'Monthly Taxi Fee', NULL, 0, '2018-01-01 01:51:28', '2018-01-01 01:51:28', NULL),
(49, '49', 1, 2018, NULL, NULL, NULL, NULL, NULL, NULL, 'Monthly Taxi Fee', NULL, 0, '2018-01-01 01:51:28', '2018-01-01 01:51:28', NULL),
(50, '50', 1, 2018, NULL, NULL, NULL, NULL, NULL, NULL, 'Monthly Taxi Fee', NULL, 0, '2018-01-01 01:51:28', '2018-01-01 01:51:28', NULL),
(51, '51', 1, 2018, NULL, NULL, NULL, NULL, NULL, NULL, 'Monthly Taxi Fee', NULL, 0, '2018-01-01 01:51:28', '2018-01-01 01:51:28', NULL),
(52, '52', 1, 2018, NULL, NULL, NULL, NULL, NULL, NULL, 'Monthly Taxi Fee', NULL, 0, '2018-01-01 01:51:28', '2018-01-01 01:51:28', NULL),
(53, '53', 1, 2018, NULL, NULL, NULL, NULL, NULL, NULL, 'Monthly Taxi Fee', NULL, 0, '2018-01-01 01:51:28', '2018-01-01 01:51:28', NULL),
(54, '54', 1, 2018, NULL, NULL, NULL, NULL, NULL, NULL, 'Monthly Taxi Fee', NULL, 0, '2018-01-01 01:51:29', '2018-01-01 01:51:29', NULL),
(55, '55', 1, 2018, NULL, NULL, NULL, NULL, NULL, NULL, 'Monthly Taxi Fee', NULL, 0, '2018-01-01 01:51:29', '2018-01-01 01:51:29', NULL),
(56, '56', 1, 2018, NULL, NULL, NULL, NULL, NULL, NULL, 'Monthly Taxi Fee', NULL, 0, '2018-01-01 01:51:29', '2018-01-01 01:51:29', NULL),
(57, '57', 1, 2018, NULL, NULL, NULL, NULL, NULL, NULL, 'Monthly Taxi Fee', NULL, 0, '2018-01-01 01:51:29', '2018-01-01 01:51:29', NULL),
(58, '58', 1, 2018, NULL, NULL, NULL, NULL, NULL, NULL, 'Monthly Taxi Fee', NULL, 0, '2018-01-01 01:51:29', '2018-01-01 01:51:29', NULL),
(59, '59', 1, 2018, NULL, NULL, NULL, NULL, NULL, NULL, 'Monthly Taxi Fee', NULL, 0, '2018-01-01 01:51:29', '2018-01-01 01:51:29', NULL),
(60, '60', 1, 2018, NULL, NULL, NULL, NULL, NULL, NULL, 'Monthly Taxi Fee', NULL, 0, '2018-01-01 01:51:29', '2018-01-01 01:51:29', NULL),
(61, '61', 1, 2018, NULL, NULL, NULL, NULL, NULL, NULL, 'Monthly Taxi Fee', NULL, 0, '2018-01-01 01:51:29', '2018-01-01 01:51:29', NULL),
(62, '62', 1, 2018, NULL, NULL, NULL, NULL, NULL, NULL, 'Monthly Taxi Fee', NULL, 0, '2018-01-01 01:51:29', '2018-01-01 01:51:29', NULL),
(63, '63', 1, 2018, NULL, NULL, NULL, NULL, NULL, NULL, 'Monthly Taxi Fee', NULL, 0, '2018-01-01 01:51:29', '2018-01-01 01:51:29', NULL),
(64, '64', 1, 2018, NULL, NULL, NULL, NULL, NULL, NULL, 'Monthly Taxi Fee', NULL, 0, '2018-01-01 01:51:29', '2018-01-01 01:51:29', NULL),
(65, '65', 1, 2018, NULL, NULL, NULL, NULL, NULL, NULL, 'Monthly Taxi Fee', NULL, 0, '2018-01-01 01:51:29', '2018-01-01 01:51:29', NULL),
(66, '66', 1, 2018, NULL, NULL, NULL, NULL, NULL, NULL, 'Monthly Taxi Fee', NULL, 0, '2018-01-01 01:51:29', '2018-01-01 01:51:29', NULL),
(67, '67', 1, 2018, NULL, NULL, NULL, NULL, NULL, NULL, 'Monthly Taxi Fee', NULL, 0, '2018-01-01 01:51:29', '2018-01-01 01:51:29', NULL),
(68, '68', 1, 2018, NULL, NULL, NULL, NULL, NULL, NULL, 'Monthly Taxi Fee', NULL, 0, '2018-01-01 01:51:29', '2018-01-01 01:51:29', NULL),
(69, '69', 1, 2018, NULL, NULL, NULL, NULL, NULL, NULL, 'Monthly Taxi Fee', NULL, 0, '2018-01-01 01:51:29', '2018-01-01 01:51:29', NULL),
(70, '70', 1, 2018, NULL, NULL, NULL, NULL, NULL, NULL, 'Monthly Taxi Fee', NULL, 0, '2018-01-01 01:51:29', '2018-01-01 01:51:29', NULL),
(71, '71', 1, 2018, NULL, NULL, NULL, NULL, NULL, NULL, 'Monthly Taxi Fee', NULL, 0, '2018-01-01 01:51:29', '2018-01-01 01:51:29', NULL),
(72, '72', 1, 2018, NULL, NULL, NULL, NULL, NULL, NULL, 'Monthly Taxi Fee', NULL, 0, '2018-01-01 01:51:29', '2018-01-01 01:51:29', NULL),
(73, '73', 1, 2018, NULL, NULL, NULL, NULL, NULL, NULL, 'Monthly Taxi Fee', NULL, 0, '2018-01-01 01:51:29', '2018-01-01 01:51:29', NULL),
(74, '74', 1, 2018, NULL, NULL, NULL, NULL, NULL, NULL, 'Monthly Taxi Fee', NULL, 0, '2018-01-01 01:51:29', '2018-01-01 01:51:29', NULL),
(75, '75', 1, 2018, NULL, NULL, NULL, NULL, NULL, NULL, 'Monthly Taxi Fee', NULL, 0, '2018-01-01 01:51:29', '2018-01-01 01:51:29', NULL),
(76, '76', 1, 2018, NULL, NULL, NULL, NULL, NULL, NULL, 'Monthly Taxi Fee', NULL, 0, '2018-01-01 01:51:29', '2018-01-01 01:51:29', NULL),
(77, '77', 1, 2018, NULL, NULL, NULL, NULL, NULL, NULL, 'Monthly Taxi Fee', NULL, 0, '2018-01-01 01:51:30', '2018-01-01 01:51:30', NULL),
(78, '78', 1, 2018, NULL, NULL, NULL, NULL, NULL, NULL, 'Monthly Taxi Fee', NULL, 0, '2018-01-01 01:51:30', '2018-01-01 01:51:30', NULL),
(79, '79', 1, 2018, NULL, NULL, NULL, NULL, NULL, NULL, 'Monthly Taxi Fee', NULL, 0, '2018-01-01 01:51:30', '2018-01-01 01:51:30', NULL),
(80, '80', 1, 2018, NULL, NULL, NULL, NULL, NULL, NULL, 'Monthly Taxi Fee', NULL, 0, '2018-01-01 01:51:30', '2018-01-01 01:51:30', NULL),
(81, '81', 1, 2018, NULL, NULL, NULL, NULL, NULL, NULL, 'Monthly Taxi Fee', NULL, 0, '2018-01-01 01:51:30', '2018-01-01 01:51:30', NULL),
(82, '82', 1, 2018, NULL, NULL, NULL, NULL, NULL, NULL, 'Monthly Taxi Fee', NULL, 0, '2018-01-01 01:51:30', '2018-01-01 01:51:30', NULL),
(83, '83', 1, 2018, NULL, NULL, NULL, NULL, NULL, NULL, 'Monthly Taxi Fee', NULL, 0, '2018-01-01 01:51:30', '2018-01-01 01:51:30', NULL),
(84, '84', 1, 2018, NULL, NULL, NULL, NULL, NULL, NULL, 'Monthly Taxi Fee', NULL, 0, '2018-01-01 01:51:30', '2018-01-01 01:51:30', NULL),
(85, '85', 1, 2018, NULL, NULL, NULL, NULL, NULL, NULL, 'Monthly Taxi Fee', NULL, 0, '2018-01-01 01:51:30', '2018-01-01 01:51:30', NULL),
(86, '86', 1, 2018, NULL, NULL, NULL, NULL, NULL, NULL, 'Monthly Taxi Fee', NULL, 0, '2018-01-01 01:51:30', '2018-01-01 01:51:30', NULL),
(87, '87', 1, 2018, NULL, NULL, NULL, NULL, NULL, NULL, 'Monthly Taxi Fee', NULL, 0, '2018-01-01 01:51:30', '2018-01-01 01:51:30', NULL),
(88, '88', 1, 2018, NULL, NULL, NULL, NULL, NULL, NULL, 'Monthly Taxi Fee', NULL, 0, '2018-01-01 01:51:30', '2018-01-01 01:51:30', NULL),
(89, '89', 1, 2018, NULL, NULL, NULL, NULL, NULL, NULL, 'Monthly Taxi Fee', NULL, 0, '2018-01-01 01:51:30', '2018-01-01 01:51:30', NULL),
(90, '90', 1, 2018, NULL, NULL, NULL, NULL, NULL, NULL, 'Monthly Taxi Fee', NULL, 0, '2018-01-01 01:51:30', '2018-01-01 01:51:30', NULL),
(91, '91', 1, 2018, NULL, NULL, NULL, NULL, NULL, NULL, 'Monthly Taxi Fee', NULL, 0, '2018-01-01 01:51:30', '2018-01-01 01:51:30', NULL),
(92, '92', 1, 2018, NULL, NULL, NULL, NULL, NULL, NULL, 'Monthly Taxi Fee', NULL, 0, '2018-01-01 01:51:30', '2018-01-01 01:51:30', NULL),
(93, '93', 1, 2018, NULL, NULL, NULL, NULL, NULL, NULL, 'Monthly Taxi Fee', NULL, 0, '2018-01-01 01:51:30', '2018-01-01 01:51:30', NULL),
(94, '94', 1, 2018, NULL, NULL, NULL, NULL, NULL, NULL, 'Monthly Taxi Fee', NULL, 0, '2018-01-01 01:51:30', '2018-01-01 01:51:30', NULL),
(95, '95', 1, 2018, NULL, NULL, NULL, NULL, NULL, NULL, 'Monthly Taxi Fee', NULL, 0, '2018-01-01 01:51:30', '2018-01-01 01:51:30', NULL),
(96, '96', 1, 2018, NULL, NULL, NULL, NULL, NULL, NULL, 'Monthly Taxi Fee', NULL, 0, '2018-01-01 01:51:30', '2018-01-01 01:51:30', NULL),
(97, '97', 1, 2018, NULL, NULL, NULL, NULL, NULL, NULL, 'Monthly Taxi Fee', NULL, 0, '2018-01-01 01:51:30', '2018-01-01 01:51:30', NULL),
(98, '98', 1, 2018, NULL, NULL, NULL, NULL, NULL, NULL, 'Monthly Taxi Fee', NULL, 0, '2018-01-01 01:51:30', '2018-01-01 01:51:30', NULL),
(99, '99', 1, 2018, NULL, NULL, NULL, NULL, NULL, NULL, 'Monthly Taxi Fee', NULL, 0, '2018-01-01 01:51:30', '2018-01-01 01:51:30', NULL),
(100, '100', 1, 2018, NULL, NULL, NULL, NULL, NULL, NULL, 'Monthly Taxi Fee', NULL, 0, '2018-01-01 01:51:30', '2018-01-01 01:51:30', NULL),
(101, '101', 1, 2018, NULL, NULL, NULL, NULL, NULL, NULL, 'Monthly Taxi Fee', NULL, 0, '2018-01-01 01:51:30', '2018-01-01 01:51:30', NULL),
(102, '102', 1, 2018, NULL, NULL, NULL, NULL, NULL, NULL, 'Monthly Taxi Fee', NULL, 0, '2018-01-01 01:51:30', '2018-01-01 01:51:30', NULL),
(103, '103', 1, 2018, NULL, NULL, NULL, NULL, NULL, NULL, 'Monthly Taxi Fee', NULL, 0, '2018-01-01 01:51:31', '2018-01-01 01:51:31', NULL),
(104, '104', 1, 2018, NULL, NULL, NULL, NULL, NULL, NULL, 'Monthly Taxi Fee', NULL, 0, '2018-01-01 01:51:31', '2018-01-01 01:51:31', NULL),
(105, '105', 1, 2018, NULL, NULL, NULL, NULL, NULL, NULL, 'Monthly Taxi Fee', NULL, 0, '2018-01-01 01:51:31', '2018-01-01 01:51:31', NULL),
(106, '106', 1, 2018, NULL, NULL, NULL, NULL, NULL, NULL, 'Monthly Taxi Fee', NULL, 0, '2018-01-01 01:51:31', '2018-01-01 01:51:31', NULL),
(107, '107', 1, 2018, NULL, NULL, NULL, NULL, NULL, NULL, 'Monthly Taxi Fee', NULL, 0, '2018-01-01 01:51:31', '2018-01-01 01:51:31', NULL),
(108, '108', 1, 2018, NULL, NULL, NULL, NULL, NULL, NULL, 'Monthly Taxi Fee', NULL, 0, '2018-01-01 01:51:31', '2018-01-01 01:51:31', NULL),
(109, '109', 1, 2018, NULL, NULL, NULL, NULL, NULL, NULL, 'Monthly Taxi Fee', NULL, 0, '2018-01-01 01:51:31', '2018-01-01 01:51:31', NULL),
(110, '110', 1, 2018, NULL, NULL, NULL, NULL, NULL, NULL, 'Monthly Taxi Fee', NULL, 0, '2018-01-01 01:51:31', '2018-01-01 01:51:31', NULL),
(111, '111', 1, 2018, NULL, NULL, NULL, NULL, NULL, NULL, 'Monthly Taxi Fee', NULL, 0, '2018-01-01 01:51:31', '2018-01-01 01:51:31', NULL),
(112, '112', 1, 2018, NULL, NULL, NULL, NULL, NULL, NULL, 'Monthly Taxi Fee', NULL, 0, '2018-01-01 01:51:31', '2018-01-01 01:51:31', NULL),
(113, '113', 1, 2018, NULL, NULL, NULL, NULL, NULL, NULL, 'Monthly Taxi Fee', NULL, 0, '2018-01-01 01:51:31', '2018-01-01 01:51:31', NULL),
(114, '114', 1, 2018, NULL, NULL, NULL, NULL, NULL, NULL, 'Monthly Taxi Fee', NULL, 0, '2018-01-01 01:51:31', '2018-01-01 01:51:31', NULL),
(115, '115', 1, 2018, NULL, NULL, NULL, NULL, NULL, NULL, 'Monthly Taxi Fee', NULL, 0, '2018-01-01 01:51:31', '2018-01-01 01:51:31', NULL),
(116, '116', 1, 2018, NULL, NULL, NULL, NULL, NULL, NULL, 'Monthly Taxi Fee', NULL, 0, '2018-01-01 01:51:31', '2018-01-01 01:51:31', NULL),
(117, '117', 1, 2018, NULL, NULL, NULL, NULL, NULL, NULL, 'Monthly Taxi Fee', NULL, 0, '2018-01-01 01:51:31', '2018-01-01 01:51:31', NULL),
(118, '118', 1, 2018, NULL, NULL, NULL, NULL, NULL, NULL, 'Monthly Taxi Fee', NULL, 0, '2018-01-01 01:51:31', '2018-01-01 01:51:31', NULL),
(119, '119', 1, 2018, NULL, NULL, NULL, NULL, NULL, NULL, 'Monthly Taxi Fee', NULL, 0, '2018-01-01 01:51:31', '2018-01-01 01:51:31', NULL),
(120, '120', 1, 2018, NULL, NULL, NULL, NULL, NULL, NULL, 'Monthly Taxi Fee', NULL, 0, '2018-01-01 01:51:31', '2018-01-01 01:51:31', NULL),
(121, '121', 1, 2018, NULL, NULL, NULL, NULL, NULL, NULL, 'Monthly Taxi Fee', NULL, 0, '2018-01-01 01:51:31', '2018-01-01 01:51:31', NULL),
(122, '122', 1, 2018, NULL, NULL, NULL, NULL, NULL, NULL, 'Monthly Taxi Fee', NULL, 0, '2018-01-01 01:51:31', '2018-01-01 01:51:31', NULL),
(123, '123', 1, 2018, NULL, NULL, NULL, NULL, NULL, NULL, 'Monthly Taxi Fee', NULL, 0, '2018-01-01 01:51:31', '2018-01-01 01:51:31', NULL),
(124, '124', 1, 2018, NULL, NULL, NULL, NULL, NULL, NULL, 'Monthly Taxi Fee', NULL, 0, '2018-01-01 01:51:31', '2018-01-01 01:51:31', NULL),
(125, '125', 1, 2018, NULL, NULL, NULL, NULL, NULL, NULL, 'Monthly Taxi Fee', NULL, 0, '2018-01-01 01:51:31', '2018-01-01 01:51:31', NULL),
(126, '126', 1, 2018, NULL, NULL, NULL, NULL, NULL, NULL, 'Monthly Taxi Fee', NULL, 0, '2018-01-01 01:51:31', '2018-01-01 01:51:31', NULL),
(127, '127', 1, 2018, NULL, NULL, NULL, NULL, NULL, NULL, 'Monthly Taxi Fee', NULL, 0, '2018-01-01 01:51:31', '2018-01-01 01:51:31', NULL),
(128, '128', 1, 2018, NULL, NULL, NULL, NULL, NULL, NULL, 'Monthly Taxi Fee', NULL, 0, '2018-01-01 01:51:31', '2018-01-01 01:51:31', NULL),
(129, '129', 1, 2018, NULL, NULL, NULL, NULL, NULL, NULL, 'Monthly Taxi Fee', NULL, 0, '2018-01-01 01:51:31', '2018-01-01 01:51:31', NULL),
(130, '130', 1, 2018, NULL, NULL, NULL, NULL, NULL, NULL, 'Monthly Taxi Fee', NULL, 0, '2018-01-01 01:51:32', '2018-01-01 01:51:32', NULL);

-- --------------------------------------------------------

--
-- Table structure for table `payment_months`
--

CREATE TABLE `payment_months` (
  `id` int(10) UNSIGNED NOT NULL,
  `created_at` timestamp NULL DEFAULT NULL,
  `updated_at` timestamp NULL DEFAULT NULL
) ENGINE=InnoDB DEFAULT CHARSET=utf8mb4 COLLATE=utf8mb4_unicode_ci;

-- --------------------------------------------------------

--
-- Table structure for table `sms`
--

CREATE TABLE `sms` (
  `id` int(10) UNSIGNED NOT NULL,
  `created_at` timestamp NULL DEFAULT NULL,
  `updated_at` timestamp NULL DEFAULT NULL
) ENGINE=InnoDB DEFAULT CHARSET=utf8mb4 COLLATE=utf8mb4_unicode_ci;

-- --------------------------------------------------------

--
-- Table structure for table `taxis`
--

CREATE TABLE `taxis` (
  `id` int(10) UNSIGNED NOT NULL,
  `callcode_id` varchar(191) COLLATE utf8mb4_unicode_ci DEFAULT NULL,
  `taxiNo` varchar(191) COLLATE utf8mb4_unicode_ci DEFAULT NULL,
  `taxiChasisNo` varchar(191) COLLATE utf8mb4_unicode_ci DEFAULT NULL,
  `taxiEngineNo` varchar(191) COLLATE utf8mb4_unicode_ci DEFAULT NULL,
  `taxiBrand` varchar(191) COLLATE utf8mb4_unicode_ci DEFAULT NULL,
  `taxiModel` varchar(191) COLLATE utf8mb4_unicode_ci DEFAULT NULL,
  `taxiColor` varchar(191) COLLATE utf8mb4_unicode_ci DEFAULT NULL,
  `taxiOwnerName` varchar(191) COLLATE utf8mb4_unicode_ci DEFAULT NULL,
  `taxiOwnerMobile` varchar(191) COLLATE utf8mb4_unicode_ci DEFAULT NULL,
  `taxiOwnerEmail` varchar(191) COLLATE utf8mb4_unicode_ci DEFAULT NULL,
  `taxiOwnerAddress` varchar(191) COLLATE utf8mb4_unicode_ci DEFAULT NULL,
  `registeredDate` varchar(191) COLLATE utf8mb4_unicode_ci DEFAULT NULL,
  `anualFeeExpiry` varchar(191) COLLATE utf8mb4_unicode_ci DEFAULT NULL,
  `roadWorthinessExpiry` varchar(191) COLLATE utf8mb4_unicode_ci DEFAULT NULL,
  `insuranceExpiry` varchar(191) COLLATE utf8mb4_unicode_ci DEFAULT NULL,
  `rate` varchar(191) COLLATE utf8mb4_unicode_ci DEFAULT NULL,
  `state` varchar(191) COLLATE utf8mb4_unicode_ci NOT NULL DEFAULT '0',
  `created_at` timestamp NULL DEFAULT NULL,
  `updated_at` timestamp NULL DEFAULT NULL,
  `deleted_at` timestamp NULL DEFAULT NULL,
  `taxi_front_url_o` varchar(191) COLLATE utf8mb4_unicode_ci DEFAULT NULL,
  `taxi_back_url_o` varchar(191) COLLATE utf8mb4_unicode_ci DEFAULT NULL,
  `taxi_front_url_t` varchar(191) COLLATE utf8mb4_unicode_ci DEFAULT NULL,
  `taxi_back_url_t` varchar(191) COLLATE utf8mb4_unicode_ci DEFAULT NULL,
  `center_name` varchar(191) COLLATE utf8mb4_unicode_ci DEFAULT NULL,
  `taken` varchar(191) COLLATE utf8mb4_unicode_ci NOT NULL DEFAULT '0'
) ENGINE=InnoDB DEFAULT CHARSET=utf8mb4 COLLATE=utf8mb4_unicode_ci;

--
-- Dumping data for table `taxis`
--

INSERT INTO `taxis` (`id`, `callcode_id`, `taxiNo`, `taxiChasisNo`, `taxiEngineNo`, `taxiBrand`, `taxiModel`, `taxiColor`, `taxiOwnerName`, `taxiOwnerMobile`, `taxiOwnerEmail`, `taxiOwnerAddress`, `registeredDate`, `anualFeeExpiry`, `roadWorthinessExpiry`, `insuranceExpiry`, `rate`, `state`, `created_at`, `updated_at`, `deleted_at`, `taxi_front_url_o`, `taxi_back_url_o`, `taxi_front_url_t`, `taxi_back_url_t`, `center_name`, `taken`) VALUES
(1, '1', '6548', NULL, NULL, NULL, NULL, NULL, 'Ibrahim Manik', NULL, NULL, 'M M H D 6703/Male', '2/11/2016', '2/11/2016', '2/11/2016', '2/11/2016', '600', '0', '2017-12-31 05:06:41', '2018-01-01 01:50:35', NULL, 'Taxi/1234/front/original/airporttaxiburlingame2.jpg', 'Taxi/1234/back/original/airporttaxiburlingame2.jpg', 'Taxi/1234/front/thumbnail/airporttaxiburlingame2.jpg', 'Taxi/1234/back/thumbnail/airporttaxiburlingame2.jpg', 'JRMM', '1'),
(2, '2', '5654', NULL, NULL, NULL, NULL, NULL, 'Abbas mohamed', NULL, NULL, 'M . Aalimas / K . Male', '1/1/1970', '1/1/1970', '1/1/1970', '1/1/1970', '600', '0', '2017-12-31 05:06:41', '2017-12-31 05:06:41', NULL, 'Taxi/1234/front/original/airporttaxiburlingame2.jpg', 'Taxi/1234/back/original/airporttaxiburlingame2.jpg', 'Taxi/1234/front/thumbnail/airporttaxiburlingame2.jpg', 'Taxi/1234/back/thumbnail/airporttaxiburlingame2.jpg', 'JRMM', '0'),
(3, '3', '3625', NULL, NULL, NULL, NULL, NULL, 'hussain habeeb', NULL, NULL, 'Dhafthar/male', '2/11/2016', '2/11/2016', '2/11/2016', '2/11/2016', '600', '0', '2017-12-31 05:06:41', '2017-12-31 05:06:41', NULL, 'Taxi/1234/front/original/airporttaxiburlingame2.jpg', 'Taxi/1234/back/original/airporttaxiburlingame2.jpg', 'Taxi/1234/front/thumbnail/airporttaxiburlingame2.jpg', 'Taxi/1234/back/thumbnail/airporttaxiburlingame2.jpg', 'JRMM', '0'),
(4, '4', '4676', NULL, NULL, NULL, NULL, NULL, 'Ibrahim Mohamed', NULL, NULL, 'Hiyafahi/HDh.Kulhudhuffushi', '2/11/2016', '2/11/2016', '2/11/2016', '2/11/2016', '600', '0', '2017-12-31 05:06:41', '2017-12-31 05:06:41', NULL, 'Taxi/1234/front/original/airporttaxiburlingame2.jpg', 'Taxi/1234/back/original/airporttaxiburlingame2.jpg', 'Taxi/1234/front/thumbnail/airporttaxiburlingame2.jpg', 'Taxi/1234/back/thumbnail/airporttaxiburlingame2.jpg', 'JRMM', '0'),
(5, '5', '4061', NULL, NULL, NULL, NULL, NULL, 'Mohamed Naseer', NULL, NULL, 'Mirihimaage / Th . Gaadhiffushi', '2/11/2016', '2/11/2016', '2/11/2016', '2/11/2016', '600', '0', '2017-12-31 05:06:41', '2017-12-31 05:06:41', NULL, 'Taxi/1234/front/original/airporttaxiburlingame2.jpg', 'Taxi/1234/back/original/airporttaxiburlingame2.jpg', 'Taxi/1234/front/thumbnail/airporttaxiburlingame2.jpg', 'Taxi/1234/back/thumbnail/airporttaxiburlingame2.jpg', 'JRMM', '0'),
(6, '6', '5483', NULL, NULL, NULL, NULL, NULL, 'Hassan Mohamed Didi', NULL, NULL, 'Breeve/Male', '2/11/2010', '2/11/2010', '2/11/2010', '2/11/2010', '600', '0', '2017-12-31 05:06:41', '2017-12-31 05:06:41', NULL, 'Taxi/1234/front/original/airporttaxiburlingame2.jpg', 'Taxi/1234/back/original/airporttaxiburlingame2.jpg', 'Taxi/1234/front/thumbnail/airporttaxiburlingame2.jpg', 'Taxi/1234/back/thumbnail/airporttaxiburlingame2.jpg', 'JRMM', '0'),
(7, '7', '1294', NULL, NULL, NULL, NULL, NULL, 'Mohamed Shifar', NULL, NULL, 'Evening Star /Male', '2/11/2016', '2/11/2016', '2/11/2016', '2/11/2016', '600', '0', '2017-12-31 05:06:41', '2017-12-31 05:06:41', NULL, 'Taxi/1234/front/original/airporttaxiburlingame2.jpg', 'Taxi/1234/back/original/airporttaxiburlingame2.jpg', 'Taxi/1234/front/thumbnail/airporttaxiburlingame2.jpg', 'Taxi/1234/back/thumbnail/airporttaxiburlingame2.jpg', 'JRMM', '0'),
(8, '8', '6744', NULL, NULL, NULL, NULL, NULL, 'Mohamed Zahir', NULL, NULL, 'Jaree Villa / K . Male', '10/9/2012', '10/9/2012', '10/9/2012', '10/9/2012', '600', '0', '2017-12-31 05:06:41', '2017-12-31 05:06:41', NULL, 'Taxi/1234/front/original/airporttaxiburlingame2.jpg', 'Taxi/1234/back/original/airporttaxiburlingame2.jpg', 'Taxi/1234/front/thumbnail/airporttaxiburlingame2.jpg', 'Taxi/1234/back/thumbnail/airporttaxiburlingame2.jpg', 'JRMM', '0'),
(9, '9', '1066', NULL, NULL, NULL, NULL, NULL, 'Hassan Ismail', NULL, NULL, 'Eththeyomaage/Male', '3/8/2016', '3/8/2016', '3/8/2016', '3/8/2016', '600', '0', '2017-12-31 05:06:41', '2017-12-31 05:06:41', NULL, 'Taxi/1234/front/original/airporttaxiburlingame2.jpg', 'Taxi/1234/back/original/airporttaxiburlingame2.jpg', 'Taxi/1234/front/thumbnail/airporttaxiburlingame2.jpg', 'Taxi/1234/back/thumbnail/airporttaxiburlingame2.jpg', 'JRMM', '0'),
(10, '10', '4531', NULL, NULL, NULL, NULL, NULL, 'Ahmed Nazeel', NULL, NULL, 'Ma. Lilly of Tha Velley / k . Male', '2/11/2016', '2/11/2016', '2/11/2016', '2/11/2016', '600', '0', '2017-12-31 05:06:41', '2017-12-31 05:06:41', NULL, 'Taxi/1234/front/original/airporttaxiburlingame2.jpg', 'Taxi/1234/back/original/airporttaxiburlingame2.jpg', 'Taxi/1234/front/thumbnail/airporttaxiburlingame2.jpg', 'Taxi/1234/back/thumbnail/airporttaxiburlingame2.jpg', 'JRMM', '0'),
(11, '11', '7094', NULL, NULL, NULL, NULL, NULL, 'Abdul Rahmam Hussain', NULL, NULL, 'Ranbusthaanuge / Hdh . Kulhudhuffushi', '2/11/2016', '2/11/2016', '2/11/2016', '2/11/2016', '600', '0', '2017-12-31 05:06:41', '2017-12-31 05:06:41', NULL, 'Taxi/1234/front/original/airporttaxiburlingame2.jpg', 'Taxi/1234/back/original/airporttaxiburlingame2.jpg', 'Taxi/1234/front/thumbnail/airporttaxiburlingame2.jpg', 'Taxi/1234/back/thumbnail/airporttaxiburlingame2.jpg', 'JRMM', '0'),
(12, '12', '5615', NULL, NULL, NULL, NULL, NULL, 'mohamed faisal', NULL, NULL, 'Ha.ihavandhoo/haasil', '4/6/2016', '4/6/2016', '4/6/2016', '4/6/2016', '600', '0', '2017-12-31 05:06:41', '2017-12-31 05:06:41', NULL, 'Taxi/1234/front/original/airporttaxiburlingame2.jpg', 'Taxi/1234/back/original/airporttaxiburlingame2.jpg', 'Taxi/1234/front/thumbnail/airporttaxiburlingame2.jpg', 'Taxi/1234/back/thumbnail/airporttaxiburlingame2.jpg', 'JRMM', '0'),
(13, '13', '3396', NULL, NULL, NULL, NULL, NULL, 'Nuruzaman', NULL, NULL, 'Nivigasdhoshuge/GDh.Madaveli', '2/11/2016', '2/11/2016', '2/11/2016', '2/11/2016', '600', '0', '2017-12-31 05:06:41', '2017-12-31 05:06:41', NULL, 'Taxi/1234/front/original/airporttaxiburlingame2.jpg', 'Taxi/1234/back/original/airporttaxiburlingame2.jpg', 'Taxi/1234/front/thumbnail/airporttaxiburlingame2.jpg', 'Taxi/1234/back/thumbnail/airporttaxiburlingame2.jpg', 'JRMM', '0'),
(14, '14', '4788', NULL, NULL, NULL, NULL, NULL, 'Ismail Naseem', NULL, NULL, 'keveli /k. huraa', '2/11/2016', '2/11/2016', '2/11/2016', '2/11/2016', '600', '0', '2017-12-31 05:06:41', '2017-12-31 05:06:41', NULL, 'Taxi/1234/front/original/airporttaxiburlingame2.jpg', 'Taxi/1234/back/original/airporttaxiburlingame2.jpg', 'Taxi/1234/front/thumbnail/airporttaxiburlingame2.jpg', 'Taxi/1234/back/thumbnail/airporttaxiburlingame2.jpg', 'JRMM', '0'),
(15, '15', '5937', NULL, NULL, NULL, NULL, NULL, 'n', NULL, NULL, 'n', '10/1/2017', '10/1/2017', '10/1/2017', '10/1/2017', '600', '0', '2017-12-31 05:06:41', '2017-12-31 05:06:41', NULL, 'Taxi/1234/front/original/airporttaxiburlingame2.jpg', 'Taxi/1234/back/original/airporttaxiburlingame2.jpg', 'Taxi/1234/front/thumbnail/airporttaxiburlingame2.jpg', 'Taxi/1234/back/thumbnail/airporttaxiburlingame2.jpg', 'JRMM', '0'),
(16, '16', '1623', NULL, NULL, NULL, NULL, NULL, 'Hamdoon Waheed', NULL, NULL, 'Tea Rose/H.Hinmafushi', '2/11/2016', '2/11/2016', '2/11/2016', '2/11/2016', '600', '0', '2017-12-31 05:06:41', '2017-12-31 05:06:41', NULL, 'Taxi/1234/front/original/airporttaxiburlingame2.jpg', 'Taxi/1234/back/original/airporttaxiburlingame2.jpg', 'Taxi/1234/front/thumbnail/airporttaxiburlingame2.jpg', 'Taxi/1234/back/thumbnail/airporttaxiburlingame2.jpg', 'JRMM', '0'),
(17, '17', '5513', NULL, NULL, NULL, NULL, NULL, 'Ismail Shareef', NULL, NULL, 'G.Haalam/Male', '2/20/2016', '2/20/2016', '2/20/2016', '2/20/2016', '600', '0', '2017-12-31 05:06:41', '2017-12-31 05:06:41', NULL, 'Taxi/1234/front/original/airporttaxiburlingame2.jpg', 'Taxi/1234/back/original/airporttaxiburlingame2.jpg', 'Taxi/1234/front/thumbnail/airporttaxiburlingame2.jpg', 'Taxi/1234/back/thumbnail/airporttaxiburlingame2.jpg', 'JRMM', '0'),
(18, '18', '2508', NULL, NULL, NULL, NULL, NULL, 'Abdul Razzag Jabir', NULL, NULL, 'Ma. Orchard 2 / k. Male', '2/20/2016', '2/20/2016', '2/20/2016', '2/20/2016', '600', '0', '2017-12-31 05:06:41', '2017-12-31 05:06:41', NULL, 'Taxi/1234/front/original/airporttaxiburlingame2.jpg', 'Taxi/1234/back/original/airporttaxiburlingame2.jpg', 'Taxi/1234/front/thumbnail/airporttaxiburlingame2.jpg', 'Taxi/1234/back/thumbnail/airporttaxiburlingame2.jpg', 'JRMM', '0'),
(19, '19', '3935', NULL, NULL, NULL, NULL, NULL, 'Jinah Abdul Sattar', NULL, NULL, 'G.Visenza/Male', '2/20/2016', '2/20/2016', '2/20/2016', '2/20/2016', '600', '0', '2017-12-31 05:06:41', '2017-12-31 05:06:41', NULL, 'Taxi/1234/front/original/airporttaxiburlingame2.jpg', 'Taxi/1234/back/original/airporttaxiburlingame2.jpg', 'Taxi/1234/front/thumbnail/airporttaxiburlingame2.jpg', 'Taxi/1234/back/thumbnail/airporttaxiburlingame2.jpg', 'JRMM', '0'),
(20, '20', '3593', NULL, NULL, NULL, NULL, NULL, 'Saheedha Ahmed', NULL, NULL, 'Kashimaage/sh.maroshi', '2/20/2016', '2/20/2016', '2/20/2016', '2/20/2016', '600', '0', '2017-12-31 05:06:41', '2017-12-31 05:06:41', NULL, 'Taxi/1234/front/original/airporttaxiburlingame2.jpg', 'Taxi/1234/back/original/airporttaxiburlingame2.jpg', 'Taxi/1234/front/thumbnail/airporttaxiburlingame2.jpg', 'Taxi/1234/back/thumbnail/airporttaxiburlingame2.jpg', 'JRMM', '0'),
(21, '21', '4110', NULL, NULL, NULL, NULL, NULL, 'Abdul Baari Hassan', NULL, NULL, 'Dhaftharu No.Rs 9511/Male', '2/20/2016', '2/20/2016', '2/20/2016', '2/20/2016', '600', '0', '2017-12-31 05:06:41', '2017-12-31 05:06:41', NULL, 'Taxi/1234/front/original/airporttaxiburlingame2.jpg', 'Taxi/1234/back/original/airporttaxiburlingame2.jpg', 'Taxi/1234/front/thumbnail/airporttaxiburlingame2.jpg', 'Taxi/1234/back/thumbnail/airporttaxiburlingame2.jpg', 'JRMM', '0'),
(22, '22', '4710', NULL, NULL, NULL, NULL, NULL, 'Mohamed Adam', NULL, NULL, 'H. Naseemeevila / K. Male', '2/20/2016', '2/20/2016', '2/20/2016', '2/20/2016', '600', '0', '2017-12-31 05:06:41', '2017-12-31 05:06:41', NULL, 'Taxi/1234/front/original/airporttaxiburlingame2.jpg', 'Taxi/1234/back/original/airporttaxiburlingame2.jpg', 'Taxi/1234/front/thumbnail/airporttaxiburlingame2.jpg', 'Taxi/1234/back/thumbnail/airporttaxiburlingame2.jpg', 'JRMM', '0'),
(23, '23', '3126', NULL, NULL, NULL, NULL, NULL, 'Mohamed Husaain', NULL, NULL, 'Kuredhivaruge/Sh.Funadhoo', '2/20/2016', '2/20/2016', '2/20/2016', '2/20/2016', '600', '0', '2017-12-31 05:06:41', '2017-12-31 05:06:41', NULL, 'Taxi/1234/front/original/airporttaxiburlingame2.jpg', 'Taxi/1234/back/original/airporttaxiburlingame2.jpg', 'Taxi/1234/front/thumbnail/airporttaxiburlingame2.jpg', 'Taxi/1234/back/thumbnail/airporttaxiburlingame2.jpg', 'JRMM', '0'),
(24, '24', '3313', NULL, NULL, NULL, NULL, NULL, 'Anwar Ali', NULL, NULL, 'Javaahirumaage/AA.Himandhoo', '2/20/2016', '2/20/2016', '2/20/2016', '2/20/2016', '600', '0', '2017-12-31 05:06:41', '2017-12-31 05:06:41', NULL, 'Taxi/1234/front/original/airporttaxiburlingame2.jpg', 'Taxi/1234/back/original/airporttaxiburlingame2.jpg', 'Taxi/1234/front/thumbnail/airporttaxiburlingame2.jpg', 'Taxi/1234/back/thumbnail/airporttaxiburlingame2.jpg', 'JRMM', '0'),
(25, '25', '4516', NULL, NULL, NULL, NULL, NULL, 'Mohamed Rafeeq', NULL, NULL, 'Husnuheenaage/GA.Vilingili', '2/20/2016', '2/20/2016', '2/20/2016', '2/20/2016', '600', '0', '2017-12-31 05:06:41', '2017-12-31 05:06:41', NULL, 'Taxi/1234/front/original/airporttaxiburlingame2.jpg', 'Taxi/1234/back/original/airporttaxiburlingame2.jpg', 'Taxi/1234/front/thumbnail/airporttaxiburlingame2.jpg', 'Taxi/1234/back/thumbnail/airporttaxiburlingame2.jpg', 'JRMM', '0'),
(26, '26', '3683', NULL, NULL, NULL, NULL, NULL, 'Ibrahim Shareef', NULL, NULL, 'Hirudhumaage/HA.Kelaa', '2/20/2016', '2/20/2016', '2/20/2016', '2/20/2016', '600', '0', '2017-12-31 05:06:41', '2017-12-31 05:06:41', NULL, 'Taxi/1234/front/original/airporttaxiburlingame2.jpg', 'Taxi/1234/back/original/airporttaxiburlingame2.jpg', 'Taxi/1234/front/thumbnail/airporttaxiburlingame2.jpg', 'Taxi/1234/back/thumbnail/airporttaxiburlingame2.jpg', 'JRMM', '0'),
(27, '27', '2551', NULL, NULL, NULL, NULL, NULL, 'Hassan Eesa', NULL, NULL, 'Dhaftharu No. Rs 8089/Male', '2/20/2016', '2/20/2016', '2/20/2016', '2/20/2016', '600', '0', '2017-12-31 05:06:41', '2017-12-31 05:06:41', NULL, 'Taxi/1234/front/original/airporttaxiburlingame2.jpg', 'Taxi/1234/back/original/airporttaxiburlingame2.jpg', 'Taxi/1234/front/thumbnail/airporttaxiburlingame2.jpg', 'Taxi/1234/back/thumbnail/airporttaxiburlingame2.jpg', 'JRMM', '0'),
(28, '28', '4530', NULL, NULL, NULL, NULL, NULL, 'Ibrahim Haleem', NULL, NULL, 'Dhaftharu No RS 9284/Male', '2/20/2016', '2/20/2016', '2/20/2016', '2/20/2016', '600', '0', '2017-12-31 05:06:41', '2017-12-31 05:06:41', NULL, 'Taxi/1234/front/original/airporttaxiburlingame2.jpg', 'Taxi/1234/back/original/airporttaxiburlingame2.jpg', 'Taxi/1234/front/thumbnail/airporttaxiburlingame2.jpg', 'Taxi/1234/back/thumbnail/airporttaxiburlingame2.jpg', 'JRMM', '0'),
(29, '29', '5856', NULL, NULL, NULL, NULL, NULL, 'Mohamed Niza', NULL, NULL, 'M. Manz /k.Male', '2/20/2016', '2/20/2016', '2/20/2016', '2/20/2016', '600', '0', '2017-12-31 05:06:41', '2017-12-31 05:06:41', NULL, 'Taxi/1234/front/original/airporttaxiburlingame2.jpg', 'Taxi/1234/back/original/airporttaxiburlingame2.jpg', 'Taxi/1234/front/thumbnail/airporttaxiburlingame2.jpg', 'Taxi/1234/back/thumbnail/airporttaxiburlingame2.jpg', 'JRMM', '0'),
(30, '30', '4240', NULL, NULL, NULL, NULL, NULL, 'Fathuhulla Rafeeu', NULL, NULL, 'Fine Beach/S.Hithadhoo', '2/20/2016', '2/20/2016', '2/20/2016', '2/20/2016', '600', '0', '2017-12-31 05:06:41', '2017-12-31 05:06:41', NULL, 'Taxi/1234/front/original/airporttaxiburlingame2.jpg', 'Taxi/1234/back/original/airporttaxiburlingame2.jpg', 'Taxi/1234/front/thumbnail/airporttaxiburlingame2.jpg', 'Taxi/1234/back/thumbnail/airporttaxiburlingame2.jpg', 'JRMM', '0'),
(31, '31', '5598', NULL, NULL, NULL, NULL, NULL, 'Aiminathu Hudha', NULL, NULL, 'Violetvilla / S.Hulhudhoo', '2/20/2016', '2/20/2016', '2/20/2016', '2/20/2016', '600', '0', '2017-12-31 05:06:41', '2017-12-31 05:06:41', NULL, 'Taxi/1234/front/original/airporttaxiburlingame2.jpg', 'Taxi/1234/back/original/airporttaxiburlingame2.jpg', 'Taxi/1234/front/thumbnail/airporttaxiburlingame2.jpg', 'Taxi/1234/back/thumbnail/airporttaxiburlingame2.jpg', 'JRMM', '0'),
(32, '32', '4556', NULL, NULL, NULL, NULL, NULL, 'IBRAHIM MOOSA', NULL, NULL, 'DHAFTHARU 8061 / K . MALE', '3/27/2016', '3/27/2016', '3/27/2016', '3/27/2016', '600', '0', '2017-12-31 05:06:41', '2017-12-31 05:06:41', NULL, 'Taxi/1234/front/original/airporttaxiburlingame2.jpg', 'Taxi/1234/back/original/airporttaxiburlingame2.jpg', 'Taxi/1234/front/thumbnail/airporttaxiburlingame2.jpg', 'Taxi/1234/back/thumbnail/airporttaxiburlingame2.jpg', 'JRMM', '0'),
(33, '33', '9196', NULL, NULL, NULL, NULL, NULL, 'Easa Fathuhee', NULL, NULL, 'Nafaa Villa/L.Maavah', '2/20/2016', '2/20/2016', '2/20/2016', '2/20/2016', '600', '0', '2017-12-31 05:06:41', '2017-12-31 05:06:41', NULL, 'Taxi/1234/front/original/airporttaxiburlingame2.jpg', 'Taxi/1234/back/original/airporttaxiburlingame2.jpg', 'Taxi/1234/front/thumbnail/airporttaxiburlingame2.jpg', 'Taxi/1234/back/thumbnail/airporttaxiburlingame2.jpg', 'JRMM', '0'),
(34, '34', '3428', NULL, NULL, NULL, NULL, NULL, 'Ali Najeeb', NULL, NULL, 'Dhaftharu No. RS 4152/Male', '2/20/2016', '2/20/2016', '2/20/2016', '2/20/2016', '600', '0', '2017-12-31 05:06:41', '2017-12-31 05:06:41', NULL, 'Taxi/1234/front/original/airporttaxiburlingame2.jpg', 'Taxi/1234/back/original/airporttaxiburlingame2.jpg', 'Taxi/1234/front/thumbnail/airporttaxiburlingame2.jpg', 'Taxi/1234/back/thumbnail/airporttaxiburlingame2.jpg', 'JRMM', '0'),
(35, '35', '5743', NULL, NULL, NULL, NULL, NULL, 'N', NULL, NULL, 'Ethumaage/Sh.Lhaimagu', '2/20/2016', '2/20/2016', '2/20/2016', '2/20/2016', '600', '0', '2017-12-31 05:06:41', '2017-12-31 05:06:41', NULL, 'Taxi/1234/front/original/airporttaxiburlingame2.jpg', 'Taxi/1234/back/original/airporttaxiburlingame2.jpg', 'Taxi/1234/front/thumbnail/airporttaxiburlingame2.jpg', 'Taxi/1234/back/thumbnail/airporttaxiburlingame2.jpg', 'JRMM', '0'),
(36, '36', '6430', NULL, NULL, NULL, NULL, NULL, 'Ahmed Hussain', NULL, NULL, 'Reynige/M.Maduvvari', '2/20/2016', '2/20/2016', '2/20/2016', '2/20/2016', '600', '0', '2017-12-31 05:06:41', '2017-12-31 05:06:41', NULL, 'Taxi/1234/front/original/airporttaxiburlingame2.jpg', 'Taxi/1234/back/original/airporttaxiburlingame2.jpg', 'Taxi/1234/front/thumbnail/airporttaxiburlingame2.jpg', 'Taxi/1234/back/thumbnail/airporttaxiburlingame2.jpg', 'JRMM', '0'),
(37, '37', '2452', NULL, NULL, NULL, NULL, NULL, 'Abdulla Rasheed', NULL, NULL, 'Iruzuvaage/HDh.Nolhivaran', '2/20/2016', '2/20/2016', '2/20/2016', '2/20/2016', '600', '0', '2017-12-31 05:06:41', '2017-12-31 05:06:41', NULL, 'Taxi/1234/front/original/airporttaxiburlingame2.jpg', 'Taxi/1234/back/original/airporttaxiburlingame2.jpg', 'Taxi/1234/front/thumbnail/airporttaxiburlingame2.jpg', 'Taxi/1234/back/thumbnail/airporttaxiburlingame2.jpg', 'JRMM', '0'),
(38, '38', '4798', NULL, NULL, NULL, NULL, NULL, 'Ibrahim Wajdee', NULL, NULL, 'G . Chaandu/Male', '6/21/2017', '6/21/2017', '6/21/2017', '6/21/2017', '600', '0', '2017-12-31 05:06:41', '2017-12-31 05:06:41', NULL, 'Taxi/1234/front/original/airporttaxiburlingame2.jpg', 'Taxi/1234/back/original/airporttaxiburlingame2.jpg', 'Taxi/1234/front/thumbnail/airporttaxiburlingame2.jpg', 'Taxi/1234/back/thumbnail/airporttaxiburlingame2.jpg', 'JRMM', '0'),
(39, '39', '5680', NULL, NULL, NULL, NULL, NULL, 'Ahmed Rasheed', NULL, NULL, 'Grey Shells/Male', '2/20/2016', '2/20/2016', '2/20/2016', '2/20/2016', '600', '0', '2017-12-31 05:06:41', '2017-12-31 05:06:41', NULL, 'Taxi/1234/front/original/airporttaxiburlingame2.jpg', 'Taxi/1234/back/original/airporttaxiburlingame2.jpg', 'Taxi/1234/front/thumbnail/airporttaxiburlingame2.jpg', 'Taxi/1234/back/thumbnail/airporttaxiburlingame2.jpg', 'JRMM', '0'),
(40, '40', '2574', NULL, NULL, NULL, NULL, NULL, 'Hassan Thaufeeg', NULL, NULL, 'Oceanview/GA.Vilingili', '2/20/2016', '2/20/2016', '2/20/2016', '2/20/2016', '600', '0', '2017-12-31 05:06:41', '2017-12-31 05:06:41', NULL, 'Taxi/1234/front/original/airporttaxiburlingame2.jpg', 'Taxi/1234/back/original/airporttaxiburlingame2.jpg', 'Taxi/1234/front/thumbnail/airporttaxiburlingame2.jpg', 'Taxi/1234/back/thumbnail/airporttaxiburlingame2.jpg', 'JRMM', '0'),
(41, '41', '3972', NULL, NULL, NULL, NULL, NULL, 'Adam Naseer', NULL, NULL, 'Mirihimaage/Sh.Maroshi', '5/2/2016', '5/2/2016', '5/2/2016', '5/2/2016', '600', '0', '2017-12-31 05:06:41', '2017-12-31 05:06:41', NULL, 'Taxi/1234/front/original/airporttaxiburlingame2.jpg', 'Taxi/1234/back/original/airporttaxiburlingame2.jpg', 'Taxi/1234/front/thumbnail/airporttaxiburlingame2.jpg', 'Taxi/1234/back/thumbnail/airporttaxiburlingame2.jpg', 'JRMM', '0'),
(42, '42', '5357', NULL, NULL, NULL, NULL, NULL, 'Mohamed Moosa', NULL, NULL, 'Naares / GD. Gadhdhoo', '2/20/2016', '2/20/2016', '2/20/2016', '2/20/2016', '600', '0', '2017-12-31 05:06:41', '2017-12-31 05:06:41', NULL, 'Taxi/1234/front/original/airporttaxiburlingame2.jpg', 'Taxi/1234/back/original/airporttaxiburlingame2.jpg', 'Taxi/1234/front/thumbnail/airporttaxiburlingame2.jpg', 'Taxi/1234/back/thumbnail/airporttaxiburlingame2.jpg', 'JRMM', '0'),
(43, '43', '6443', NULL, NULL, NULL, NULL, NULL, 'Ahmed Nazeel', NULL, NULL, 'Ma. Lilly of Tha Velley / k . Male', '2/20/2016', '2/20/2016', '2/20/2016', '2/20/2016', '600', '0', '2017-12-31 05:06:41', '2017-12-31 05:06:41', NULL, 'Taxi/1234/front/original/airporttaxiburlingame2.jpg', 'Taxi/1234/back/original/airporttaxiburlingame2.jpg', 'Taxi/1234/front/thumbnail/airporttaxiburlingame2.jpg', 'Taxi/1234/back/thumbnail/airporttaxiburlingame2.jpg', 'JRMM', '0'),
(44, '44', '2519', NULL, NULL, NULL, NULL, NULL, 'Moosa Manik', NULL, NULL, 'H.Malagas/Male', '2/20/2016', '2/20/2016', '2/20/2016', '2/20/2016', '600', '0', '2017-12-31 05:06:41', '2017-12-31 05:06:41', NULL, 'Taxi/1234/front/original/airporttaxiburlingame2.jpg', 'Taxi/1234/back/original/airporttaxiburlingame2.jpg', 'Taxi/1234/front/thumbnail/airporttaxiburlingame2.jpg', 'Taxi/1234/back/thumbnail/airporttaxiburlingame2.jpg', 'JRMM', '0'),
(45, '45', '4063', NULL, NULL, NULL, NULL, NULL, 'Nizar Abdulla', NULL, NULL, 'Munnaarudhoshuge / GD. Gadhdhoo', '2/20/2016', '2/20/2016', '2/20/2016', '2/20/2016', '600', '0', '2017-12-31 05:06:41', '2017-12-31 05:06:41', NULL, 'Taxi/1234/front/original/airporttaxiburlingame2.jpg', 'Taxi/1234/back/original/airporttaxiburlingame2.jpg', 'Taxi/1234/front/thumbnail/airporttaxiburlingame2.jpg', 'Taxi/1234/back/thumbnail/airporttaxiburlingame2.jpg', 'JRMM', '0'),
(46, '46', '6708', NULL, NULL, NULL, NULL, NULL, 'Saudulla Mohamed', NULL, NULL, 'Vaimatheege / Ga. Dhevvadhoo', '2/20/2016', '2/20/2016', '2/20/2016', '2/20/2016', '600', '0', '2017-12-31 05:06:41', '2017-12-31 05:06:41', NULL, 'Taxi/1234/front/original/airporttaxiburlingame2.jpg', 'Taxi/1234/back/original/airporttaxiburlingame2.jpg', 'Taxi/1234/front/thumbnail/airporttaxiburlingame2.jpg', 'Taxi/1234/back/thumbnail/airporttaxiburlingame2.jpg', 'JRMM', '0'),
(47, '47', '2943', NULL, NULL, NULL, NULL, NULL, 'Ahmed Mujuthaba', NULL, NULL, 'Ma. MayfairLog / K. Male', '2/20/2016', '2/20/2016', '2/20/2016', '2/20/2016', '600', '0', '2017-12-31 05:06:41', '2017-12-31 05:06:41', NULL, 'Taxi/1234/front/original/airporttaxiburlingame2.jpg', 'Taxi/1234/back/original/airporttaxiburlingame2.jpg', 'Taxi/1234/front/thumbnail/airporttaxiburlingame2.jpg', 'Taxi/1234/back/thumbnail/airporttaxiburlingame2.jpg', 'JRMM', '0'),
(48, '48', '5553', NULL, NULL, NULL, NULL, NULL, 'Mariyam Mizna', NULL, NULL, 'N', '2/20/2016', '2/20/2016', '2/20/2016', '2/20/2016', '600', '0', '2017-12-31 05:06:41', '2017-12-31 05:06:41', NULL, 'Taxi/1234/front/original/airporttaxiburlingame2.jpg', 'Taxi/1234/back/original/airporttaxiburlingame2.jpg', 'Taxi/1234/front/thumbnail/airporttaxiburlingame2.jpg', 'Taxi/1234/back/thumbnail/airporttaxiburlingame2.jpg', 'JRMM', '0'),
(49, '49', '6912', NULL, NULL, NULL, NULL, NULL, 'Hussain Abdul Rahmaa', NULL, NULL, 'N', '2/20/2016', '2/20/2016', '2/20/2016', '2/20/2016', '600', '0', '2017-12-31 05:06:41', '2017-12-31 05:06:41', NULL, 'Taxi/1234/front/original/airporttaxiburlingame2.jpg', 'Taxi/1234/back/original/airporttaxiburlingame2.jpg', 'Taxi/1234/front/thumbnail/airporttaxiburlingame2.jpg', 'Taxi/1234/back/thumbnail/airporttaxiburlingame2.jpg', 'JRMM', '0'),
(50, '50', '3375', NULL, NULL, NULL, NULL, NULL, 'Ahmed Nazeel', NULL, NULL, 'Ma. Lilly of Tha Velley / k . Male', '2/20/2016', '2/20/2016', '2/20/2016', '2/20/2016', '600', '0', '2017-12-31 05:06:41', '2017-12-31 05:06:41', NULL, 'Taxi/1234/front/original/airporttaxiburlingame2.jpg', 'Taxi/1234/back/original/airporttaxiburlingame2.jpg', 'Taxi/1234/front/thumbnail/airporttaxiburlingame2.jpg', 'Taxi/1234/back/thumbnail/airporttaxiburlingame2.jpg', 'JRMM', '0'),
(51, '51', '4010', NULL, NULL, NULL, NULL, NULL, 'Ibrahim Shihab', NULL, NULL, 'Finiroalhi/L.Gan', '12/18/2016', '12/18/2016', '12/18/2016', '12/18/2016', '600', '0', '2017-12-31 05:06:41', '2017-12-31 05:06:41', NULL, 'Taxi/1234/front/original/airporttaxiburlingame2.jpg', 'Taxi/1234/back/original/airporttaxiburlingame2.jpg', 'Taxi/1234/front/thumbnail/airporttaxiburlingame2.jpg', 'Taxi/1234/back/thumbnail/airporttaxiburlingame2.jpg', 'JRMM', '0'),
(52, '52', '3961', NULL, NULL, NULL, NULL, NULL, 'Mohamed Moosa / Mi', NULL, NULL, 'New Star/HDh.Kulhudhuffushi', '2/20/2016', '2/20/2016', '2/20/2016', '2/20/2016', '600', '0', '2017-12-31 05:06:41', '2017-12-31 05:06:41', NULL, 'Taxi/1234/front/original/airporttaxiburlingame2.jpg', 'Taxi/1234/back/original/airporttaxiburlingame2.jpg', 'Taxi/1234/front/thumbnail/airporttaxiburlingame2.jpg', 'Taxi/1234/back/thumbnail/airporttaxiburlingame2.jpg', 'JRMM', '0'),
(53, '53', '8491', NULL, NULL, NULL, NULL, NULL, 'Ibrahim Rasheed', NULL, NULL, 'Dhaftharu No. RS 8051/Male', '2/20/2016', '2/20/2016', '2/20/2016', '2/20/2016', '600', '0', '2017-12-31 05:06:41', '2017-12-31 05:06:41', NULL, 'Taxi/1234/front/original/airporttaxiburlingame2.jpg', 'Taxi/1234/back/original/airporttaxiburlingame2.jpg', 'Taxi/1234/front/thumbnail/airporttaxiburlingame2.jpg', 'Taxi/1234/back/thumbnail/airporttaxiburlingame2.jpg', 'JRMM', '0'),
(54, '54', '3708', NULL, NULL, NULL, NULL, NULL, 'n', NULL, NULL, 'N', '1/1/2015', '1/1/2015', '1/1/2015', '1/1/2015', '600', '0', '2017-12-31 05:06:41', '2017-12-31 05:06:41', NULL, 'Taxi/1234/front/original/airporttaxiburlingame2.jpg', 'Taxi/1234/back/original/airporttaxiburlingame2.jpg', 'Taxi/1234/front/thumbnail/airporttaxiburlingame2.jpg', 'Taxi/1234/back/thumbnail/airporttaxiburlingame2.jpg', 'JRMM', '0'),
(55, '55', '5093', NULL, NULL, NULL, NULL, NULL, 'Ali Nizam', NULL, NULL, 'Riveli/HA.Kelaa', '2/20/2016', '2/20/2016', '2/20/2016', '2/20/2016', '600', '0', '2017-12-31 05:06:41', '2017-12-31 05:06:41', NULL, 'Taxi/1234/front/original/airporttaxiburlingame2.jpg', 'Taxi/1234/back/original/airporttaxiburlingame2.jpg', 'Taxi/1234/front/thumbnail/airporttaxiburlingame2.jpg', 'Taxi/1234/back/thumbnail/airporttaxiburlingame2.jpg', 'JRMM', '0'),
(56, '56', '2595', NULL, NULL, NULL, NULL, NULL, 'Adam Naseer', NULL, NULL, 'Dhaftharu No RS 7782', '5/10/2016', '5/10/2016', '5/10/2016', '5/10/2016', '600', '0', '2017-12-31 05:06:41', '2017-12-31 05:06:41', NULL, 'Taxi/1234/front/original/airporttaxiburlingame2.jpg', 'Taxi/1234/back/original/airporttaxiburlingame2.jpg', 'Taxi/1234/front/thumbnail/airporttaxiburlingame2.jpg', 'Taxi/1234/back/thumbnail/airporttaxiburlingame2.jpg', 'JRMM', '0'),
(57, '57', '4563', NULL, NULL, NULL, NULL, NULL, 'N', NULL, NULL, 'Waheedhee Manzil/S.Hithadhoo', '2/20/2014', '2/20/2014', '2/20/2014', '2/20/2014', '600', '0', '2017-12-31 05:06:41', '2017-12-31 05:06:41', NULL, 'Taxi/1234/front/original/airporttaxiburlingame2.jpg', 'Taxi/1234/back/original/airporttaxiburlingame2.jpg', 'Taxi/1234/front/thumbnail/airporttaxiburlingame2.jpg', 'Taxi/1234/back/thumbnail/airporttaxiburlingame2.jpg', 'JRMM', '0'),
(58, '58', '2196', NULL, NULL, NULL, NULL, NULL, 'Hussain Ismail', NULL, NULL, 'Busthanuge /Lh. Hinnavaru', '2/20/2016', '2/20/2016', '2/20/2016', '2/20/2016', '600', '0', '2017-12-31 05:06:41', '2017-12-31 05:06:41', NULL, 'Taxi/1234/front/original/airporttaxiburlingame2.jpg', 'Taxi/1234/back/original/airporttaxiburlingame2.jpg', 'Taxi/1234/front/thumbnail/airporttaxiburlingame2.jpg', 'Taxi/1234/back/thumbnail/airporttaxiburlingame2.jpg', 'JRMM', '0'),
(59, '59', '1631', NULL, NULL, NULL, NULL, NULL, 'Ahmed Mujuthaba', NULL, NULL, 'Ma. MayfairLog / K. Male', '2/20/2016', '2/20/2016', '2/20/2016', '2/20/2016', '600', '0', '2017-12-31 05:06:41', '2017-12-31 05:06:41', NULL, 'Taxi/1234/front/original/airporttaxiburlingame2.jpg', 'Taxi/1234/back/original/airporttaxiburlingame2.jpg', 'Taxi/1234/front/thumbnail/airporttaxiburlingame2.jpg', 'Taxi/1234/back/thumbnail/airporttaxiburlingame2.jpg', 'JRMM', '0'),
(60, '60', '3568', NULL, NULL, NULL, NULL, NULL, 'Ibrahim Shihab', NULL, NULL, 'Alivaage / k. Guraidhoo', '2/20/2016', '2/20/2016', '2/20/2016', '2/20/2016', '600', '0', '2017-12-31 05:06:41', '2017-12-31 05:06:41', NULL, 'Taxi/1234/front/original/airporttaxiburlingame2.jpg', 'Taxi/1234/back/original/airporttaxiburlingame2.jpg', 'Taxi/1234/front/thumbnail/airporttaxiburlingame2.jpg', 'Taxi/1234/back/thumbnail/airporttaxiburlingame2.jpg', 'JRMM', '0'),
(61, '61', '6562', NULL, NULL, NULL, NULL, NULL, 'Ibrahim Mohamed', NULL, NULL, 'M.Boaddoo/Male', '2/20/2016', '2/20/2016', '2/20/2016', '2/20/2016', '600', '0', '2017-12-31 05:06:41', '2017-12-31 05:06:41', NULL, 'Taxi/1234/front/original/airporttaxiburlingame2.jpg', 'Taxi/1234/back/original/airporttaxiburlingame2.jpg', 'Taxi/1234/front/thumbnail/airporttaxiburlingame2.jpg', 'Taxi/1234/back/thumbnail/airporttaxiburlingame2.jpg', 'JRMM', '0'),
(62, '62', '5305', NULL, NULL, NULL, NULL, NULL, 'Ibrahim Jabir', NULL, NULL, 'Dhaftharu No RS 3088', '2/20/2016', '2/20/2016', '2/20/2016', '2/20/2016', '600', '0', '2017-12-31 05:06:41', '2017-12-31 05:06:41', NULL, 'Taxi/1234/front/original/airporttaxiburlingame2.jpg', 'Taxi/1234/back/original/airporttaxiburlingame2.jpg', 'Taxi/1234/front/thumbnail/airporttaxiburlingame2.jpg', 'Taxi/1234/back/thumbnail/airporttaxiburlingame2.jpg', 'JRMM', '0'),
(63, '63', '8263', NULL, NULL, NULL, NULL, NULL, 'Hussain Miyad', NULL, NULL, 'Sabnamge/k.Maafushi', '2/20/2016', '2/20/2016', '2/20/2016', '2/20/2016', '600', '0', '2017-12-31 05:06:41', '2017-12-31 05:06:41', NULL, 'Taxi/1234/front/original/airporttaxiburlingame2.jpg', 'Taxi/1234/back/original/airporttaxiburlingame2.jpg', 'Taxi/1234/front/thumbnail/airporttaxiburlingame2.jpg', 'Taxi/1234/back/thumbnail/airporttaxiburlingame2.jpg', 'JRMM', '0'),
(64, '64', '4599', NULL, NULL, NULL, NULL, NULL, 'aminath azka abdulla', NULL, NULL, 'Naagali / th.Gaadhifushi', '2/20/2016', '2/20/2016', '2/20/2016', '2/20/2016', '600', '0', '2017-12-31 05:06:41', '2017-12-31 05:06:41', NULL, 'Taxi/1234/front/original/airporttaxiburlingame2.jpg', 'Taxi/1234/back/original/airporttaxiburlingame2.jpg', 'Taxi/1234/front/thumbnail/airporttaxiburlingame2.jpg', 'Taxi/1234/back/thumbnail/airporttaxiburlingame2.jpg', 'JRMM', '0'),
(65, '65', '4527', NULL, NULL, NULL, NULL, NULL, 'Hadheeja Abdul Rahma', NULL, NULL, 'V.Felidhoo / Reehaan Manzil', '2/20/2016', '2/20/2016', '2/20/2016', '2/20/2016', '600', '0', '2017-12-31 05:06:41', '2017-12-31 05:06:41', NULL, 'Taxi/1234/front/original/airporttaxiburlingame2.jpg', 'Taxi/1234/back/original/airporttaxiburlingame2.jpg', 'Taxi/1234/front/thumbnail/airporttaxiburlingame2.jpg', 'Taxi/1234/back/thumbnail/airporttaxiburlingame2.jpg', 'JRMM', '0'),
(66, '66', '7723', NULL, NULL, NULL, NULL, NULL, 'Mohamed Shifaz', NULL, NULL, 'Shehenaaz Villa / S . Feydhoo', '2/20/2016', '2/20/2016', '2/20/2016', '2/20/2016', '600', '0', '2017-12-31 05:06:41', '2017-12-31 05:06:41', NULL, 'Taxi/1234/front/original/airporttaxiburlingame2.jpg', 'Taxi/1234/back/original/airporttaxiburlingame2.jpg', 'Taxi/1234/front/thumbnail/airporttaxiburlingame2.jpg', 'Taxi/1234/back/thumbnail/airporttaxiburlingame2.jpg', 'JRMM', '0'),
(67, '67', '4129', NULL, NULL, NULL, NULL, NULL, 'Ismail Madheeh', NULL, NULL, 'H.chinaar', '2/20/2016', '2/20/2016', '2/20/2016', '2/20/2016', '600', '0', '2017-12-31 05:06:41', '2017-12-31 05:06:41', NULL, 'Taxi/1234/front/original/airporttaxiburlingame2.jpg', 'Taxi/1234/back/original/airporttaxiburlingame2.jpg', 'Taxi/1234/front/thumbnail/airporttaxiburlingame2.jpg', 'Taxi/1234/back/thumbnail/airporttaxiburlingame2.jpg', 'JRMM', '0'),
(68, '68', '5518', NULL, NULL, NULL, NULL, NULL, 'Ibrahim Fareesh', NULL, NULL, 'Fehivinamaage/K.Maafushi', '2/20/2016', '2/20/2016', '2/20/2016', '2/20/2016', '600', '0', '2017-12-31 05:06:41', '2017-12-31 05:06:41', NULL, 'Taxi/1234/front/original/airporttaxiburlingame2.jpg', 'Taxi/1234/back/original/airporttaxiburlingame2.jpg', 'Taxi/1234/front/thumbnail/airporttaxiburlingame2.jpg', 'Taxi/1234/back/thumbnail/airporttaxiburlingame2.jpg', 'JRMM', '0'),
(69, '69', '4722', NULL, NULL, NULL, NULL, NULL, 'Ibrahim Rasheed', NULL, NULL, 'Kanmathee Villa/Ga.Villingili', '2/20/2016', '2/20/2016', '2/20/2016', '2/20/2016', '600', '0', '2017-12-31 05:06:41', '2017-12-31 05:06:41', NULL, 'Taxi/1234/front/original/airporttaxiburlingame2.jpg', 'Taxi/1234/back/original/airporttaxiburlingame2.jpg', 'Taxi/1234/front/thumbnail/airporttaxiburlingame2.jpg', 'Taxi/1234/back/thumbnail/airporttaxiburlingame2.jpg', 'JRMM', '0'),
(70, '70', '3474', NULL, NULL, NULL, NULL, NULL, 'Sunain Abdulla', NULL, NULL, 'Kafamaage/Gdh.Gadhdhoo', '2/20/2016', '2/20/2016', '2/20/2016', '2/20/2016', '600', '0', '2017-12-31 05:06:41', '2017-12-31 05:06:41', NULL, 'Taxi/1234/front/original/airporttaxiburlingame2.jpg', 'Taxi/1234/back/original/airporttaxiburlingame2.jpg', 'Taxi/1234/front/thumbnail/airporttaxiburlingame2.jpg', 'Taxi/1234/back/thumbnail/airporttaxiburlingame2.jpg', 'JRMM', '0'),
(71, '71', '2878', NULL, NULL, NULL, NULL, NULL, 'Faisal Ibrahim', NULL, NULL, 'Ma.Abaa/Male', '2/20/2016', '2/20/2016', '2/20/2016', '2/20/2016', '600', '0', '2017-12-31 05:06:41', '2017-12-31 05:06:41', NULL, 'Taxi/1234/front/original/airporttaxiburlingame2.jpg', 'Taxi/1234/back/original/airporttaxiburlingame2.jpg', 'Taxi/1234/front/thumbnail/airporttaxiburlingame2.jpg', 'Taxi/1234/back/thumbnail/airporttaxiburlingame2.jpg', 'JRMM', '0'),
(72, '72', '1198', NULL, NULL, NULL, NULL, NULL, 'Salim Adam', NULL, NULL, 'Saathee/Adh.Dhangethi', '1/1/1970', '1/1/1970', '1/1/1970', '1/1/1970', '600', '0', '2017-12-31 05:06:41', '2017-12-31 05:06:41', NULL, 'Taxi/1234/front/original/airporttaxiburlingame2.jpg', 'Taxi/1234/back/original/airporttaxiburlingame2.jpg', 'Taxi/1234/front/thumbnail/airporttaxiburlingame2.jpg', 'Taxi/1234/back/thumbnail/airporttaxiburlingame2.jpg', 'JRMM', '0'),
(73, '73', '5058', NULL, NULL, NULL, NULL, NULL, 'Ibrahim Jamsheed', NULL, NULL, 'Water Villa/ K. Dhiffushi', '2/20/2016', '2/20/2016', '2/20/2016', '2/20/2016', '600', '0', '2017-12-31 05:06:41', '2017-12-31 05:06:41', NULL, 'Taxi/1234/front/original/airporttaxiburlingame2.jpg', 'Taxi/1234/back/original/airporttaxiburlingame2.jpg', 'Taxi/1234/front/thumbnail/airporttaxiburlingame2.jpg', 'Taxi/1234/back/thumbnail/airporttaxiburlingame2.jpg', 'JRMM', '0'),
(74, '74', '1896', NULL, NULL, NULL, NULL, NULL, 'Ahmed Mohamed', NULL, NULL, 'Seeteyriyaa/HDh.kulhudhuffushi', '2/20/2016', '2/20/2016', '2/20/2016', '2/20/2016', '600', '0', '2017-12-31 05:06:41', '2017-12-31 05:06:41', NULL, 'Taxi/1234/front/original/airporttaxiburlingame2.jpg', 'Taxi/1234/back/original/airporttaxiburlingame2.jpg', 'Taxi/1234/front/thumbnail/airporttaxiburlingame2.jpg', 'Taxi/1234/back/thumbnail/airporttaxiburlingame2.jpg', 'JRMM', '0'),
(75, '75', '2009', NULL, NULL, NULL, NULL, NULL, 'Fathumathu Azufaa Am', NULL, NULL, 'Fehifarudhaage / S. Maradhoo', '2/20/2016', '2/20/2016', '2/20/2016', '2/20/2016', '600', '0', '2017-12-31 05:06:41', '2017-12-31 05:06:41', NULL, 'Taxi/1234/front/original/airporttaxiburlingame2.jpg', 'Taxi/1234/back/original/airporttaxiburlingame2.jpg', 'Taxi/1234/front/thumbnail/airporttaxiburlingame2.jpg', 'Taxi/1234/back/thumbnail/airporttaxiburlingame2.jpg', 'JRMM', '0'),
(76, '76', '5438', NULL, NULL, NULL, NULL, NULL, 'Shaheen', NULL, NULL, 'Lh.Naifaru', '5/2/2016', '5/2/2016', '5/2/2016', '5/2/2016', '600', '0', '2017-12-31 05:06:41', '2017-12-31 05:06:41', NULL, 'Taxi/1234/front/original/airporttaxiburlingame2.jpg', 'Taxi/1234/back/original/airporttaxiburlingame2.jpg', 'Taxi/1234/front/thumbnail/airporttaxiburlingame2.jpg', 'Taxi/1234/back/thumbnail/airporttaxiburlingame2.jpg', 'JRMM', '0'),
(77, '77', '3554', NULL, NULL, NULL, NULL, NULL, 'Ibrahim Mohamed', NULL, NULL, 'Roshaneevilaa / AA . Bodufolhudho', '2/20/2016', '2/20/2016', '2/20/2016', '2/20/2016', '600', '0', '2017-12-31 05:06:41', '2017-12-31 05:06:41', NULL, 'Taxi/1234/front/original/airporttaxiburlingame2.jpg', 'Taxi/1234/back/original/airporttaxiburlingame2.jpg', 'Taxi/1234/front/thumbnail/airporttaxiburlingame2.jpg', 'Taxi/1234/back/thumbnail/airporttaxiburlingame2.jpg', 'JRMM', '0'),
(78, '78', '4066', NULL, NULL, NULL, NULL, NULL, 'Mariyam Ifaa Ahmed', NULL, NULL, 'Fehifarudhaage / S. Maradhoo', '2/20/2016', '2/20/2016', '2/20/2016', '2/20/2016', '600', '0', '2017-12-31 05:06:41', '2017-12-31 05:06:41', NULL, 'Taxi/1234/front/original/airporttaxiburlingame2.jpg', 'Taxi/1234/back/original/airporttaxiburlingame2.jpg', 'Taxi/1234/front/thumbnail/airporttaxiburlingame2.jpg', 'Taxi/1234/back/thumbnail/airporttaxiburlingame2.jpg', 'JRMM', '0'),
(79, '79', '4780', NULL, NULL, NULL, NULL, NULL, 'Mohamed Riffath Abd', NULL, NULL, 'Orchid Villa/B.Eydhafushi', '2/20/2016', '2/20/2016', '2/20/2016', '2/20/2016', '600', '0', '2017-12-31 05:06:41', '2017-12-31 05:06:41', NULL, 'Taxi/1234/front/original/airporttaxiburlingame2.jpg', 'Taxi/1234/back/original/airporttaxiburlingame2.jpg', 'Taxi/1234/front/thumbnail/airporttaxiburlingame2.jpg', 'Taxi/1234/back/thumbnail/airporttaxiburlingame2.jpg', 'JRMM', '0'),
(80, '80', '1733', NULL, NULL, NULL, NULL, NULL, 'Nazeer Ali', NULL, NULL, 'M. Rehil k. Male', '2/20/2016', '2/20/2016', '2/20/2016', '2/20/2016', '600', '0', '2017-12-31 05:06:41', '2017-12-31 05:06:41', NULL, 'Taxi/1234/front/original/airporttaxiburlingame2.jpg', 'Taxi/1234/back/original/airporttaxiburlingame2.jpg', 'Taxi/1234/front/thumbnail/airporttaxiburlingame2.jpg', 'Taxi/1234/back/thumbnail/airporttaxiburlingame2.jpg', 'JRMM', '0'),
(81, '81', '4897', NULL, NULL, NULL, NULL, NULL, 'Lomir Ibrahim', NULL, NULL, 'M . Haadhoo / K . Male.', '3/26/2016', '3/26/2016', '3/26/2016', '3/26/2016', '600', '0', '2017-12-31 05:06:41', '2017-12-31 05:06:41', NULL, 'Taxi/1234/front/original/airporttaxiburlingame2.jpg', 'Taxi/1234/back/original/airporttaxiburlingame2.jpg', 'Taxi/1234/front/thumbnail/airporttaxiburlingame2.jpg', 'Taxi/1234/back/thumbnail/airporttaxiburlingame2.jpg', 'JRMM', '0'),
(82, '82', '9661', NULL, NULL, NULL, NULL, NULL, 'Ahmed Amir', NULL, NULL, 'Fehifarudhaage / S. Maradhoo', '8/10/2017', '8/10/2017', '8/10/2017', '8/10/2017', '600', '0', '2017-12-31 05:06:41', '2017-12-31 05:06:41', NULL, 'Taxi/1234/front/original/airporttaxiburlingame2.jpg', 'Taxi/1234/back/original/airporttaxiburlingame2.jpg', 'Taxi/1234/front/thumbnail/airporttaxiburlingame2.jpg', 'Taxi/1234/back/thumbnail/airporttaxiburlingame2.jpg', 'JRMM', '0'),
(83, '83', '4960', NULL, NULL, NULL, NULL, NULL, 'Abdulla Majeed', NULL, NULL, 'M. Bijileege / K. Male', '2/20/2016', '2/20/2016', '2/20/2016', '2/20/2016', '600', '0', '2017-12-31 05:06:41', '2017-12-31 05:06:41', NULL, 'Taxi/1234/front/original/airporttaxiburlingame2.jpg', 'Taxi/1234/back/original/airporttaxiburlingame2.jpg', 'Taxi/1234/front/thumbnail/airporttaxiburlingame2.jpg', 'Taxi/1234/back/thumbnail/airporttaxiburlingame2.jpg', 'JRMM', '0'),
(84, '84', '2386', NULL, NULL, NULL, NULL, NULL, 'Ahmed Faiz Mohamed', NULL, NULL, 'N', '2/21/2016', '2/21/2016', '2/21/2016', '2/21/2016', '600', '0', '2017-12-31 05:06:41', '2017-12-31 05:06:41', NULL, 'Taxi/1234/front/original/airporttaxiburlingame2.jpg', 'Taxi/1234/back/original/airporttaxiburlingame2.jpg', 'Taxi/1234/front/thumbnail/airporttaxiburlingame2.jpg', 'Taxi/1234/back/thumbnail/airporttaxiburlingame2.jpg', 'JRMM', '0'),
(85, '85', '2981', NULL, NULL, NULL, NULL, NULL, 'Anwar Ali', NULL, NULL, 'Javaahirumaage/AA.Himandhoo', '2/21/2016', '2/21/2016', '2/21/2016', '2/21/2016', '600', '0', '2017-12-31 05:06:41', '2017-12-31 05:06:41', NULL, 'Taxi/1234/front/original/airporttaxiburlingame2.jpg', 'Taxi/1234/back/original/airporttaxiburlingame2.jpg', 'Taxi/1234/front/thumbnail/airporttaxiburlingame2.jpg', 'Taxi/1234/back/thumbnail/airporttaxiburlingame2.jpg', 'JRMM', '0'),
(86, '86', '5082', NULL, NULL, NULL, NULL, NULL, 'Saeed Didi', NULL, NULL, 'Kabeelaage GDh. Gadhdhoo', '2/21/2016', '2/21/2016', '2/21/2016', '2/21/2016', '600', '0', '2017-12-31 05:06:41', '2017-12-31 05:06:41', NULL, 'Taxi/1234/front/original/airporttaxiburlingame2.jpg', 'Taxi/1234/back/original/airporttaxiburlingame2.jpg', 'Taxi/1234/front/thumbnail/airporttaxiburlingame2.jpg', 'Taxi/1234/back/thumbnail/airporttaxiburlingame2.jpg', 'JRMM', '0'),
(87, '87', '7574', NULL, NULL, NULL, NULL, NULL, 'Gasim Saud', NULL, NULL, 'Aabaadhu / HD.Maavaidhoo', '2/21/2016', '2/21/2016', '2/21/2016', '2/21/2016', '600', '0', '2017-12-31 05:06:41', '2017-12-31 05:06:41', NULL, 'Taxi/1234/front/original/airporttaxiburlingame2.jpg', 'Taxi/1234/back/original/airporttaxiburlingame2.jpg', 'Taxi/1234/front/thumbnail/airporttaxiburlingame2.jpg', 'Taxi/1234/back/thumbnail/airporttaxiburlingame2.jpg', 'JRMM', '0'),
(88, '88', '7372', NULL, NULL, NULL, NULL, NULL, 'Ahmwd Anil', NULL, NULL, 'H . Galadhunge / K . Male', '7/5/2015', '7/5/2015', '7/5/2015', '7/5/2015', '600', '0', '2017-12-31 05:06:41', '2017-12-31 05:06:41', NULL, 'Taxi/1234/front/original/airporttaxiburlingame2.jpg', 'Taxi/1234/back/original/airporttaxiburlingame2.jpg', 'Taxi/1234/front/thumbnail/airporttaxiburlingame2.jpg', 'Taxi/1234/back/thumbnail/airporttaxiburlingame2.jpg', 'JRMM', '0'),
(89, '89', '3904', NULL, NULL, NULL, NULL, NULL, 'Ibrahim Waheed', NULL, NULL, 'Dhaftharu No 3084/Male', '2/21/2016', '2/21/2016', '2/21/2016', '2/21/2016', '600', '0', '2017-12-31 05:06:41', '2017-12-31 05:06:41', NULL, 'Taxi/1234/front/original/airporttaxiburlingame2.jpg', 'Taxi/1234/back/original/airporttaxiburlingame2.jpg', 'Taxi/1234/front/thumbnail/airporttaxiburlingame2.jpg', 'Taxi/1234/back/thumbnail/airporttaxiburlingame2.jpg', 'JRMM', '0'),
(90, '90', '7448', NULL, NULL, NULL, NULL, NULL, 'Ibrahim Latheef', NULL, NULL, 'Lifadhoo / Ga. Vilingili', '1/1/1970', '1/1/1970', '1/1/1970', '1/1/1970', '600', '0', '2017-12-31 05:06:41', '2017-12-31 05:06:41', NULL, 'Taxi/1234/front/original/airporttaxiburlingame2.jpg', 'Taxi/1234/back/original/airporttaxiburlingame2.jpg', 'Taxi/1234/front/thumbnail/airporttaxiburlingame2.jpg', 'Taxi/1234/back/thumbnail/airporttaxiburlingame2.jpg', 'JRMM', '0'),
(91, '91', '5112', NULL, NULL, NULL, NULL, NULL, 'Hassan Rasheed', NULL, NULL, 'Hirudhugasdhoshuge/H.Dh Vaikaradhoo', '2/11/2016', '2/11/2016', '2/11/2016', '2/11/2016', '600', '0', '2017-12-31 05:06:41', '2017-12-31 05:06:41', NULL, 'Taxi/1234/front/original/airporttaxiburlingame2.jpg', 'Taxi/1234/back/original/airporttaxiburlingame2.jpg', 'Taxi/1234/front/thumbnail/airporttaxiburlingame2.jpg', 'Taxi/1234/back/thumbnail/airporttaxiburlingame2.jpg', 'JRMM', '0'),
(92, '92', '8403', NULL, NULL, NULL, NULL, NULL, 'Not Available', NULL, NULL, 'N', '3/12/2016', '3/12/2016', '3/12/2016', '3/12/2016', '600', '0', '2017-12-31 05:06:41', '2017-12-31 05:06:41', NULL, 'Taxi/1234/front/original/airporttaxiburlingame2.jpg', 'Taxi/1234/back/original/airporttaxiburlingame2.jpg', 'Taxi/1234/front/thumbnail/airporttaxiburlingame2.jpg', 'Taxi/1234/back/thumbnail/airporttaxiburlingame2.jpg', 'JRMM', '0'),
(93, '93', '7629', NULL, NULL, NULL, NULL, NULL, 'Ismail Rsheed', NULL, NULL, 'M. MiyavAli / K. Male', '2/20/2016', '2/20/2016', '2/20/2016', '2/20/2016', '600', '0', '2017-12-31 05:06:41', '2017-12-31 05:06:41', NULL, 'Taxi/1234/front/original/airporttaxiburlingame2.jpg', 'Taxi/1234/back/original/airporttaxiburlingame2.jpg', 'Taxi/1234/front/thumbnail/airporttaxiburlingame2.jpg', 'Taxi/1234/back/thumbnail/airporttaxiburlingame2.jpg', 'JRMM', '0'),
(94, '94', '5268', NULL, NULL, NULL, NULL, NULL, 'Ahmed Samir', NULL, NULL, 'Fehivina/B.Hithadhoo', '2/20/2016', '2/20/2016', '2/20/2016', '2/20/2016', '600', '0', '2017-12-31 05:06:41', '2017-12-31 05:06:41', NULL, 'Taxi/1234/front/original/airporttaxiburlingame2.jpg', 'Taxi/1234/back/original/airporttaxiburlingame2.jpg', 'Taxi/1234/front/thumbnail/airporttaxiburlingame2.jpg', 'Taxi/1234/back/thumbnail/airporttaxiburlingame2.jpg', 'JRMM', '0'),
(95, '95', '8569', NULL, NULL, NULL, NULL, NULL, 'NO NAME', NULL, NULL, 'N', '3/24/2016', '3/24/2016', '3/24/2016', '3/24/2016', '600', '0', '2017-12-31 05:06:41', '2017-12-31 05:06:41', NULL, 'Taxi/1234/front/original/airporttaxiburlingame2.jpg', 'Taxi/1234/back/original/airporttaxiburlingame2.jpg', 'Taxi/1234/front/thumbnail/airporttaxiburlingame2.jpg', 'Taxi/1234/back/thumbnail/airporttaxiburlingame2.jpg', 'JRMM', '0'),
(96, '96', '3789', NULL, NULL, NULL, NULL, NULL, 'Abudhil Gayyoom', NULL, NULL, 'Dhaftharu No 10487 /Male', '2/20/2016', '2/20/2016', '2/20/2016', '2/20/2016', '600', '0', '2017-12-31 05:06:41', '2017-12-31 05:06:41', NULL, 'Taxi/1234/front/original/airporttaxiburlingame2.jpg', 'Taxi/1234/back/original/airporttaxiburlingame2.jpg', 'Taxi/1234/front/thumbnail/airporttaxiburlingame2.jpg', 'Taxi/1234/back/thumbnail/airporttaxiburlingame2.jpg', 'JRMM', '0'),
(97, '97', '4065', NULL, NULL, NULL, NULL, NULL, 'NO NAME', NULL, NULL, 'N', '3/24/2016', '3/24/2016', '3/24/2016', '3/24/2016', '600', '0', '2017-12-31 05:06:41', '2017-12-31 05:06:41', NULL, 'Taxi/1234/front/original/airporttaxiburlingame2.jpg', 'Taxi/1234/back/original/airporttaxiburlingame2.jpg', 'Taxi/1234/front/thumbnail/airporttaxiburlingame2.jpg', 'Taxi/1234/back/thumbnail/airporttaxiburlingame2.jpg', 'JRMM', '0'),
(98, '98', '7884', NULL, NULL, NULL, NULL, NULL, 'NO NAME', NULL, NULL, 'N', '6/17/2015', '6/17/2015', '6/17/2015', '6/17/2015', '600', '0', '2017-12-31 05:06:41', '2017-12-31 05:06:41', NULL, 'Taxi/1234/front/original/airporttaxiburlingame2.jpg', 'Taxi/1234/back/original/airporttaxiburlingame2.jpg', 'Taxi/1234/front/thumbnail/airporttaxiburlingame2.jpg', 'Taxi/1234/back/thumbnail/airporttaxiburlingame2.jpg', 'JRMM', '0'),
(99, '99', '2822', NULL, NULL, NULL, NULL, NULL, 'Abdul Shakoor Moosa', NULL, NULL, 'Dhaftharu No 2838/Male', '2/20/2016', '2/20/2016', '2/20/2016', '2/20/2016', '600', '0', '2017-12-31 05:06:41', '2017-12-31 05:06:41', NULL, 'Taxi/1234/front/original/airporttaxiburlingame2.jpg', 'Taxi/1234/back/original/airporttaxiburlingame2.jpg', 'Taxi/1234/front/thumbnail/airporttaxiburlingame2.jpg', 'Taxi/1234/back/thumbnail/airporttaxiburlingame2.jpg', 'JRMM', '0'),
(100, '100', '8066', NULL, NULL, NULL, NULL, NULL, 'N', NULL, NULL, 'N', '3/25/2016', '3/25/2016', '3/25/2016', '3/25/2016', '600', '0', '2017-12-31 05:06:41', '2017-12-31 05:06:41', NULL, 'Taxi/1234/front/original/airporttaxiburlingame2.jpg', 'Taxi/1234/back/original/airporttaxiburlingame2.jpg', 'Taxi/1234/front/thumbnail/airporttaxiburlingame2.jpg', 'Taxi/1234/back/thumbnail/airporttaxiburlingame2.jpg', 'JRMM', '0'),
(101, '101', '8262', NULL, NULL, NULL, NULL, NULL, 'Mohamed Abdulla', NULL, NULL, 'Dhanvaruge/Lh. Naifaru', '2/20/2016', '2/20/2016', '2/20/2016', '2/20/2016', '600', '0', '2017-12-31 05:06:41', '2017-12-31 05:06:41', NULL, 'Taxi/1234/front/original/airporttaxiburlingame2.jpg', 'Taxi/1234/back/original/airporttaxiburlingame2.jpg', 'Taxi/1234/front/thumbnail/airporttaxiburlingame2.jpg', 'Taxi/1234/back/thumbnail/airporttaxiburlingame2.jpg', 'JRMM', '0'),
(102, '102', '3791', NULL, NULL, NULL, NULL, NULL, 'NO NAME', NULL, NULL, 'N', '3/24/2016', '3/24/2016', '3/24/2016', '3/24/2016', '600', '0', '2017-12-31 05:06:41', '2017-12-31 05:06:41', NULL, 'Taxi/1234/front/original/airporttaxiburlingame2.jpg', 'Taxi/1234/back/original/airporttaxiburlingame2.jpg', 'Taxi/1234/front/thumbnail/airporttaxiburlingame2.jpg', 'Taxi/1234/back/thumbnail/airporttaxiburlingame2.jpg', 'JRMM', '0'),
(103, '103', '4790', NULL, NULL, NULL, NULL, NULL, 'Abudhil Gayyoom', NULL, NULL, 'Dhaftharu No 10487 /Male', '5/2/2016', '5/2/2016', '5/2/2016', '5/2/2016', '600', '0', '2017-12-31 05:06:41', '2017-12-31 05:06:41', NULL, 'Taxi/1234/front/original/airporttaxiburlingame2.jpg', 'Taxi/1234/back/original/airporttaxiburlingame2.jpg', 'Taxi/1234/front/thumbnail/airporttaxiburlingame2.jpg', 'Taxi/1234/back/thumbnail/airporttaxiburlingame2.jpg', 'JRMM', '0'),
(104, '104', '8853', NULL, NULL, NULL, NULL, NULL, 'NO NAME', NULL, NULL, 'N', '3/24/2016', '3/24/2016', '3/24/2016', '3/24/2016', '600', '0', '2017-12-31 05:06:41', '2017-12-31 05:06:41', NULL, 'Taxi/1234/front/original/airporttaxiburlingame2.jpg', 'Taxi/1234/back/original/airporttaxiburlingame2.jpg', 'Taxi/1234/front/thumbnail/airporttaxiburlingame2.jpg', 'Taxi/1234/back/thumbnail/airporttaxiburlingame2.jpg', 'JRMM', '0'),
(105, '105', '5672', NULL, NULL, NULL, NULL, NULL, 'Ahmed Ali', NULL, NULL, 'Dhaftharu No : Rs 8039 / Male', '3/24/2016', '3/24/2016', '3/24/2016', '3/24/2016', '600', '0', '2017-12-31 05:06:41', '2017-12-31 05:06:41', NULL, 'Taxi/1234/front/original/airporttaxiburlingame2.jpg', 'Taxi/1234/back/original/airporttaxiburlingame2.jpg', 'Taxi/1234/front/thumbnail/airporttaxiburlingame2.jpg', 'Taxi/1234/back/thumbnail/airporttaxiburlingame2.jpg', 'JRMM', '0'),
(106, '106', '7687', NULL, NULL, NULL, NULL, NULL, 'NO NAME', NULL, NULL, 'N', '3/24/2016', '3/24/2016', '3/24/2016', '3/24/2016', '600', '0', '2017-12-31 05:06:41', '2017-12-31 05:06:41', NULL, 'Taxi/1234/front/original/airporttaxiburlingame2.jpg', 'Taxi/1234/back/original/airporttaxiburlingame2.jpg', 'Taxi/1234/front/thumbnail/airporttaxiburlingame2.jpg', 'Taxi/1234/back/thumbnail/airporttaxiburlingame2.jpg', 'JRMM', '0'),
(107, '107', '7450', NULL, NULL, NULL, NULL, NULL, 'Ahmed Mohamed', NULL, NULL, 'Seeteyriyaa / Hdh . Kulhudhufushi', '3/24/2016', '3/24/2016', '3/24/2016', '3/24/2016', '600', '0', '2017-12-31 05:06:41', '2017-12-31 05:06:41', NULL, 'Taxi/1234/front/original/airporttaxiburlingame2.jpg', 'Taxi/1234/back/original/airporttaxiburlingame2.jpg', 'Taxi/1234/front/thumbnail/airporttaxiburlingame2.jpg', 'Taxi/1234/back/thumbnail/airporttaxiburlingame2.jpg', 'JRMM', '0'),
(108, '108', '7283', NULL, NULL, NULL, NULL, NULL, 'Mohamed Nizam', NULL, NULL, 'Asurumaage/Adh.Dhangethi', '2/20/2016', '2/20/2016', '2/20/2016', '2/20/2016', '600', '0', '2017-12-31 05:06:41', '2017-12-31 05:06:41', NULL, 'Taxi/1234/front/original/airporttaxiburlingame2.jpg', 'Taxi/1234/back/original/airporttaxiburlingame2.jpg', 'Taxi/1234/front/thumbnail/airporttaxiburlingame2.jpg', 'Taxi/1234/back/thumbnail/airporttaxiburlingame2.jpg', 'JRMM', '0'),
(109, '109', '7650', NULL, NULL, NULL, NULL, NULL, 'Abdul Jaleel Abdulla', NULL, NULL, 'Thundi Noorange /L Gan', '5/1/2016', '5/1/2016', '5/1/2016', '5/1/2016', '600', '0', '2017-12-31 05:06:41', '2017-12-31 05:06:41', NULL, 'Taxi/1234/front/original/airporttaxiburlingame2.jpg', 'Taxi/1234/back/original/airporttaxiburlingame2.jpg', 'Taxi/1234/front/thumbnail/airporttaxiburlingame2.jpg', 'Taxi/1234/back/thumbnail/airporttaxiburlingame2.jpg', 'JRMM', '0'),
(110, '110', '1896', NULL, NULL, NULL, NULL, NULL, 'Ali Shareef', NULL, NULL, 'Jabrolmssge / HD. Nolhivaram', '9/25/2017', '9/25/2017', '9/25/2017', '9/25/2017', '600', '0', '2017-12-31 05:06:41', '2017-12-31 05:06:41', NULL, 'Taxi/1234/front/original/airporttaxiburlingame2.jpg', 'Taxi/1234/back/original/airporttaxiburlingame2.jpg', 'Taxi/1234/front/thumbnail/airporttaxiburlingame2.jpg', 'Taxi/1234/back/thumbnail/airporttaxiburlingame2.jpg', 'JRMM', '0');
INSERT INTO `taxis` (`id`, `callcode_id`, `taxiNo`, `taxiChasisNo`, `taxiEngineNo`, `taxiBrand`, `taxiModel`, `taxiColor`, `taxiOwnerName`, `taxiOwnerMobile`, `taxiOwnerEmail`, `taxiOwnerAddress`, `registeredDate`, `anualFeeExpiry`, `roadWorthinessExpiry`, `insuranceExpiry`, `rate`, `state`, `created_at`, `updated_at`, `deleted_at`, `taxi_front_url_o`, `taxi_back_url_o`, `taxi_front_url_t`, `taxi_back_url_t`, `center_name`, `taken`) VALUES
(111, '111', '3061', NULL, NULL, NULL, NULL, NULL, 'Mohamed Razee', NULL, NULL, 'Daftharu No: 3822 / K. Male', '2/21/2016', '2/21/2016', '2/21/2016', '2/21/2016', '600', '0', '2017-12-31 05:06:41', '2017-12-31 05:06:41', NULL, 'Taxi/1234/front/original/airporttaxiburlingame2.jpg', 'Taxi/1234/back/original/airporttaxiburlingame2.jpg', 'Taxi/1234/front/thumbnail/airporttaxiburlingame2.jpg', 'Taxi/1234/back/thumbnail/airporttaxiburlingame2.jpg', 'JRMM', '0'),
(112, '112', '8667', NULL, NULL, NULL, NULL, NULL, 'NO NAME', NULL, NULL, 'N', '3/24/2016', '3/24/2016', '3/24/2016', '3/24/2016', '600', '0', '2017-12-31 05:06:41', '2017-12-31 05:06:41', NULL, 'Taxi/1234/front/original/airporttaxiburlingame2.jpg', 'Taxi/1234/back/original/airporttaxiburlingame2.jpg', 'Taxi/1234/front/thumbnail/airporttaxiburlingame2.jpg', 'Taxi/1234/back/thumbnail/airporttaxiburlingame2.jpg', 'JRMM', '0'),
(113, '113', '2695', NULL, NULL, NULL, NULL, NULL, 'Ahmed Zaheen', NULL, NULL, 'N', '2/20/2016', '2/20/2016', '2/20/2016', '2/20/2016', '600', '0', '2017-12-31 05:06:41', '2017-12-31 05:06:41', NULL, 'Taxi/1234/front/original/airporttaxiburlingame2.jpg', 'Taxi/1234/back/original/airporttaxiburlingame2.jpg', 'Taxi/1234/front/thumbnail/airporttaxiburlingame2.jpg', 'Taxi/1234/back/thumbnail/airporttaxiburlingame2.jpg', 'JRMM', '0'),
(114, '114', '3795', NULL, NULL, NULL, NULL, NULL, 'Abdul Ghafoor Abdul', NULL, NULL, 'Gulfaamge/Lh.kurendhoo', '9/25/2017', '9/25/2017', '9/25/2017', '9/25/2017', '600', '0', '2017-12-31 05:06:41', '2017-12-31 05:06:41', NULL, 'Taxi/1234/front/original/airporttaxiburlingame2.jpg', 'Taxi/1234/back/original/airporttaxiburlingame2.jpg', 'Taxi/1234/front/thumbnail/airporttaxiburlingame2.jpg', 'Taxi/1234/back/thumbnail/airporttaxiburlingame2.jpg', 'JRMM', '0'),
(115, '115', '3139', NULL, NULL, NULL, NULL, NULL, 'Irfan Mohamed / M', NULL, NULL, 'Nooraneege /r .Vaadhoo', '2/20/2016', '2/20/2016', '2/20/2016', '2/20/2016', '600', '0', '2017-12-31 05:06:41', '2017-12-31 05:06:41', NULL, 'Taxi/1234/front/original/airporttaxiburlingame2.jpg', 'Taxi/1234/back/original/airporttaxiburlingame2.jpg', 'Taxi/1234/front/thumbnail/airporttaxiburlingame2.jpg', 'Taxi/1234/back/thumbnail/airporttaxiburlingame2.jpg', 'JRMM', '0'),
(116, '116', '4615', NULL, NULL, NULL, NULL, NULL, 'Hamza Adnan', NULL, NULL, 'Fehivilla ge/Sh.Feevah', '1/1/2017', '1/1/2017', '1/1/2017', '1/1/2017', '600', '0', '2017-12-31 05:06:41', '2017-12-31 05:06:41', NULL, 'Taxi/1234/front/original/airporttaxiburlingame2.jpg', 'Taxi/1234/back/original/airporttaxiburlingame2.jpg', 'Taxi/1234/front/thumbnail/airporttaxiburlingame2.jpg', 'Taxi/1234/back/thumbnail/airporttaxiburlingame2.jpg', 'JRMM', '0'),
(117, '117', '8754', NULL, NULL, NULL, NULL, NULL, 'Ahmed Shaf', NULL, NULL, 'Seereenaa Manzil / HDh . Nolhivaranfaru', '2/22/2017', '2/22/2017', '2/22/2017', '2/22/2017', '600', '0', '2017-12-31 05:06:41', '2017-12-31 05:06:41', NULL, 'Taxi/1234/front/original/airporttaxiburlingame2.jpg', 'Taxi/1234/back/original/airporttaxiburlingame2.jpg', 'Taxi/1234/front/thumbnail/airporttaxiburlingame2.jpg', 'Taxi/1234/back/thumbnail/airporttaxiburlingame2.jpg', 'JRMM', '0'),
(118, '118', '1792', NULL, NULL, NULL, NULL, NULL, 'Valeed Ibrahim', NULL, NULL, 'N', '2/23/2010', '2/23/2010', '2/23/2010', '2/23/2010', '600', '0', '2017-12-31 05:06:41', '2017-12-31 05:06:41', NULL, 'Taxi/1234/front/original/airporttaxiburlingame2.jpg', 'Taxi/1234/back/original/airporttaxiburlingame2.jpg', 'Taxi/1234/front/thumbnail/airporttaxiburlingame2.jpg', 'Taxi/1234/back/thumbnail/airporttaxiburlingame2.jpg', 'JRMM', '0'),
(119, '119', '8577', NULL, NULL, NULL, NULL, NULL, 'Hassan Rameez', NULL, NULL, 'Dhaftharu No7079. K. Male', '3/12/2016', '3/12/2016', '3/12/2016', '3/12/2016', '600', '0', '2017-12-31 05:06:41', '2017-12-31 05:06:41', NULL, 'Taxi/1234/front/original/airporttaxiburlingame2.jpg', 'Taxi/1234/back/original/airporttaxiburlingame2.jpg', 'Taxi/1234/front/thumbnail/airporttaxiburlingame2.jpg', 'Taxi/1234/back/thumbnail/airporttaxiburlingame2.jpg', 'JRMM', '0'),
(120, '120', '4482', NULL, NULL, NULL, NULL, NULL, 'Ibrahim Sodig', NULL, NULL, 'Zamaaneevilla / GDh / Gadhoo', '2/23/2017', '2/23/2017', '2/23/2017', '2/23/2017', '600', '0', '2017-12-31 05:06:41', '2017-12-31 05:06:41', NULL, 'Taxi/1234/front/original/airporttaxiburlingame2.jpg', 'Taxi/1234/back/original/airporttaxiburlingame2.jpg', 'Taxi/1234/front/thumbnail/airporttaxiburlingame2.jpg', 'Taxi/1234/back/thumbnail/airporttaxiburlingame2.jpg', 'JRMM', '0'),
(121, '121', '9481', NULL, NULL, NULL, NULL, NULL, 'Ibrahim Sharu-u', NULL, NULL, 'Rabarumaage , Gdh . thinadhoo', '3/25/2017', '3/25/2017', '3/25/2017', '3/25/2017', '600', '0', '2017-12-31 05:06:41', '2017-12-31 05:06:41', NULL, 'Taxi/1234/front/original/airporttaxiburlingame2.jpg', 'Taxi/1234/back/original/airporttaxiburlingame2.jpg', 'Taxi/1234/front/thumbnail/airporttaxiburlingame2.jpg', 'Taxi/1234/back/thumbnail/airporttaxiburlingame2.jpg', 'JRMM', '0'),
(122, '122', '3652', NULL, NULL, NULL, NULL, NULL, 'Hassan Mohamed', NULL, NULL, 'Summer Hill / K . Male', '3/25/2017', '3/25/2017', '3/25/2017', '3/25/2017', '600', '0', '2017-12-31 05:06:41', '2017-12-31 05:06:41', NULL, 'Taxi/1234/front/original/airporttaxiburlingame2.jpg', 'Taxi/1234/back/original/airporttaxiburlingame2.jpg', 'Taxi/1234/front/thumbnail/airporttaxiburlingame2.jpg', 'Taxi/1234/back/thumbnail/airporttaxiburlingame2.jpg', 'JRMM', '0'),
(123, '123', '8652', NULL, NULL, NULL, NULL, NULL, 'Waheed Mohamed', NULL, NULL, 'Dhaftharu No :572 K . Male', '4/26/2017', '4/26/2017', '4/26/2017', '4/26/2017', '600', '0', '2017-12-31 05:06:41', '2017-12-31 05:06:41', NULL, 'Taxi/1234/front/original/airporttaxiburlingame2.jpg', 'Taxi/1234/back/original/airporttaxiburlingame2.jpg', 'Taxi/1234/front/thumbnail/airporttaxiburlingame2.jpg', 'Taxi/1234/back/thumbnail/airporttaxiburlingame2.jpg', 'JRMM', '0'),
(124, '124', '9269', NULL, NULL, NULL, NULL, NULL, 'Ahmed Naseer', NULL, NULL, 'Anoanaage / Sh , Foakaidhoo', '5/11/2017', '5/11/2017', '5/11/2017', '5/11/2017', '600', '0', '2017-12-31 05:06:41', '2017-12-31 05:06:41', NULL, 'Taxi/1234/front/original/airporttaxiburlingame2.jpg', 'Taxi/1234/back/original/airporttaxiburlingame2.jpg', 'Taxi/1234/front/thumbnail/airporttaxiburlingame2.jpg', 'Taxi/1234/back/thumbnail/airporttaxiburlingame2.jpg', 'JRMM', '0'),
(125, '125', '5635', NULL, NULL, NULL, NULL, NULL, 'n', NULL, NULL, 'N', '9/25/2017', '9/25/2017', '9/25/2017', '9/25/2017', '600', '0', '2017-12-31 05:06:41', '2017-12-31 05:06:41', NULL, 'Taxi/1234/front/original/airporttaxiburlingame2.jpg', 'Taxi/1234/back/original/airporttaxiburlingame2.jpg', 'Taxi/1234/front/thumbnail/airporttaxiburlingame2.jpg', 'Taxi/1234/back/thumbnail/airporttaxiburlingame2.jpg', 'JRMM', '0'),
(126, '126', '3967', NULL, NULL, NULL, NULL, NULL, 'M', NULL, NULL, 'N', '8/2/2017', '8/2/2017', '8/2/2017', '8/2/2017', '600', '0', '2017-12-31 05:06:41', '2017-12-31 05:06:41', NULL, 'Taxi/1234/front/original/airporttaxiburlingame2.jpg', 'Taxi/1234/back/original/airporttaxiburlingame2.jpg', 'Taxi/1234/front/thumbnail/airporttaxiburlingame2.jpg', 'Taxi/1234/back/thumbnail/airporttaxiburlingame2.jpg', 'JRMM', '0'),
(127, '127', '8223', NULL, NULL, NULL, NULL, NULL, 'n', NULL, NULL, 'N', '9/25/2017', '9/25/2017', '9/25/2017', '9/25/2017', '600', '0', '2017-12-31 05:06:41', '2017-12-31 05:06:41', NULL, 'Taxi/1234/front/original/airporttaxiburlingame2.jpg', 'Taxi/1234/back/original/airporttaxiburlingame2.jpg', 'Taxi/1234/front/thumbnail/airporttaxiburlingame2.jpg', 'Taxi/1234/back/thumbnail/airporttaxiburlingame2.jpg', 'JRMM', '0'),
(128, '128', '4673', NULL, NULL, NULL, NULL, NULL, 'n', NULL, NULL, 'N', '1/1/2015', '1/1/2015', '1/1/2015', '1/1/2015', '600', '0', '2017-12-31 05:06:41', '2017-12-31 05:06:41', NULL, 'Taxi/1234/front/original/airporttaxiburlingame2.jpg', 'Taxi/1234/back/original/airporttaxiburlingame2.jpg', 'Taxi/1234/front/thumbnail/airporttaxiburlingame2.jpg', 'Taxi/1234/back/thumbnail/airporttaxiburlingame2.jpg', 'JRMM', '0'),
(129, '129', '1124', NULL, NULL, NULL, NULL, NULL, 'Ahmed Aslam', NULL, NULL, 'N', '9/25/2017', '9/25/2017', '9/25/2017', '9/25/2017', '600', '0', '2017-12-31 05:06:41', '2017-12-31 05:06:41', NULL, 'Taxi/1234/front/original/airporttaxiburlingame2.jpg', 'Taxi/1234/back/original/airporttaxiburlingame2.jpg', 'Taxi/1234/front/thumbnail/airporttaxiburlingame2.jpg', 'Taxi/1234/back/thumbnail/airporttaxiburlingame2.jpg', 'JRMM', '0'),
(130, '130', '4060', NULL, NULL, NULL, NULL, NULL, 'n', NULL, NULL, 'N', '4/1/2013', '4/1/2013', '4/1/2013', '4/1/2013', '600', '0', '2017-12-31 05:06:41', '2017-12-31 05:06:41', NULL, 'Taxi/1234/front/original/airporttaxiburlingame2.jpg', 'Taxi/1234/back/original/airporttaxiburlingame2.jpg', 'Taxi/1234/front/thumbnail/airporttaxiburlingame2.jpg', 'Taxi/1234/back/thumbnail/airporttaxiburlingame2.jpg', 'JRMM', '0');

-- --------------------------------------------------------

--
-- Table structure for table `taxi_centers`
--

CREATE TABLE `taxi_centers` (
  `id` int(10) UNSIGNED NOT NULL,
  `company_id` varchar(191) COLLATE utf8mb4_unicode_ci DEFAULT NULL,
  `name` varchar(191) COLLATE utf8mb4_unicode_ci DEFAULT NULL,
  `cCode` varchar(191) COLLATE utf8mb4_unicode_ci DEFAULT NULL,
  `address` varchar(191) COLLATE utf8mb4_unicode_ci DEFAULT NULL,
  `telephone` varchar(191) COLLATE utf8mb4_unicode_ci DEFAULT NULL,
  `mobile` varchar(191) COLLATE utf8mb4_unicode_ci DEFAULT NULL,
  `email` varchar(191) COLLATE utf8mb4_unicode_ci DEFAULT NULL,
  `fax` varchar(191) COLLATE utf8mb4_unicode_ci DEFAULT NULL,
  `active` varchar(191) COLLATE utf8mb4_unicode_ci DEFAULT NULL,
  `created_at` timestamp NULL DEFAULT NULL,
  `updated_at` timestamp NULL DEFAULT NULL,
  `deleted_at` timestamp NULL DEFAULT NULL
) ENGINE=InnoDB DEFAULT CHARSET=utf8mb4 COLLATE=utf8mb4_unicode_ci;

--
-- Dumping data for table `taxi_centers`
--

INSERT INTO `taxi_centers` (`id`, `company_id`, `name`, `cCode`, `address`, `telephone`, `mobile`, `email`, `fax`, `active`, `created_at`, `updated_at`, `deleted_at`) VALUES
(1, '3', 'JR Taxi', 'JRMM', 'asdasd', 'asdasd', 'asdasda', NULL, 'asdasd', NULL, '2017-12-31 11:03:29', '2018-01-01 00:38:57', NULL),
(2, '3', 'City Cab', 'CBMM', 'G.Pooldream', '7779423', '7779423', NULL, '7779423', NULL, '2018-01-01 01:25:28', '2018-01-01 01:25:28', NULL);

-- --------------------------------------------------------

--
-- Table structure for table `users`
--

CREATE TABLE `users` (
  `id` int(10) UNSIGNED NOT NULL,
  `name` varchar(191) COLLATE utf8mb4_unicode_ci NOT NULL,
  `email` varchar(191) COLLATE utf8mb4_unicode_ci NOT NULL,
  `password` varchar(191) COLLATE utf8mb4_unicode_ci NOT NULL,
  `remember_token` varchar(100) COLLATE utf8mb4_unicode_ci DEFAULT NULL,
  `created_at` timestamp NULL DEFAULT NULL,
  `updated_at` timestamp NULL DEFAULT NULL
) ENGINE=InnoDB DEFAULT CHARSET=utf8mb4 COLLATE=utf8mb4_unicode_ci;

--
-- Dumping data for table `users`
--

INSERT INTO `users` (`id`, `name`, `email`, `password`, `remember_token`, `created_at`, `updated_at`) VALUES
(2, 'Yaniu', 'mohamed.yaniu.9@icloud.com', '$2y$10$BtVkI0RgWiKVUGU/ztUMje89xpVp7/fKMGdIAks0Bu0Ho/KITuGq.', NULL, '2017-12-31 10:57:09', '2017-12-31 10:57:09'),
(3, 'Taviyani PVT LTD', 'imperialaeiou@gmail.com', '$2y$10$DzEDTEK3.G2GCczNUSG8P.7Te85LQYUgkeTrWvB3yMCbPpAt6j/dK', NULL, '2017-12-31 22:02:45', '2017-12-31 22:02:45'),
(4, 'Yaniu', 'info@huzeyview.com', '$2y$10$tOlMZ34mmobA4Ka3T0L2RuiC5/M9V9Fba9D.JzSGJzqV/YZCEcoLm', NULL, '2018-01-01 01:06:50', '2018-01-01 01:06:50'),
(5, 'Yaniu', 'mohamed.yaniu.9@icloud.comd', '$2y$10$pou7IeFLTUMAHEv/PY0ly.T1CSxxw15ydkUSUstpypu9siuO5hWAm', NULL, '2018-01-01 01:18:20', '2018-01-01 01:18:20');

--
-- Indexes for dumped tables
--

--
-- Indexes for table `call_codes`
--
ALTER TABLE `call_codes`
  ADD PRIMARY KEY (`id`);

--
-- Indexes for table `companies`
--
ALTER TABLE `companies`
  ADD PRIMARY KEY (`id`);

--
-- Indexes for table `drivers`
--
ALTER TABLE `drivers`
  ADD PRIMARY KEY (`id`);

--
-- Indexes for table `migrations`
--
ALTER TABLE `migrations`
  ADD PRIMARY KEY (`id`);

--
-- Indexes for table `password_resets`
--
ALTER TABLE `password_resets`
  ADD KEY `password_resets_email_index` (`email`);

--
-- Indexes for table `payment_histories`
--
ALTER TABLE `payment_histories`
  ADD PRIMARY KEY (`id`);

--
-- Indexes for table `payment_months`
--
ALTER TABLE `payment_months`
  ADD PRIMARY KEY (`id`);

--
-- Indexes for table `sms`
--
ALTER TABLE `sms`
  ADD PRIMARY KEY (`id`);

--
-- Indexes for table `taxis`
--
ALTER TABLE `taxis`
  ADD PRIMARY KEY (`id`);

--
-- Indexes for table `taxi_centers`
--
ALTER TABLE `taxi_centers`
  ADD PRIMARY KEY (`id`);

--
-- Indexes for table `users`
--
ALTER TABLE `users`
  ADD PRIMARY KEY (`id`),
  ADD UNIQUE KEY `users_email_unique` (`email`);

--
-- AUTO_INCREMENT for dumped tables
--

--
-- AUTO_INCREMENT for table `call_codes`
--
ALTER TABLE `call_codes`
  MODIFY `id` int(10) UNSIGNED NOT NULL AUTO_INCREMENT, AUTO_INCREMENT=301;
--
-- AUTO_INCREMENT for table `companies`
--
ALTER TABLE `companies`
  MODIFY `id` int(10) UNSIGNED NOT NULL AUTO_INCREMENT, AUTO_INCREMENT=4;
--
-- AUTO_INCREMENT for table `drivers`
--
ALTER TABLE `drivers`
  MODIFY `id` int(10) UNSIGNED NOT NULL AUTO_INCREMENT, AUTO_INCREMENT=4;
--
-- AUTO_INCREMENT for table `migrations`
--
ALTER TABLE `migrations`
  MODIFY `id` int(10) UNSIGNED NOT NULL AUTO_INCREMENT, AUTO_INCREMENT=14;
--
-- AUTO_INCREMENT for table `payment_histories`
--
ALTER TABLE `payment_histories`
  MODIFY `id` int(10) UNSIGNED NOT NULL AUTO_INCREMENT, AUTO_INCREMENT=131;
--
-- AUTO_INCREMENT for table `payment_months`
--
ALTER TABLE `payment_months`
  MODIFY `id` int(10) UNSIGNED NOT NULL AUTO_INCREMENT;
--
-- AUTO_INCREMENT for table `sms`
--
ALTER TABLE `sms`
  MODIFY `id` int(10) UNSIGNED NOT NULL AUTO_INCREMENT;
--
-- AUTO_INCREMENT for table `taxis`
--
ALTER TABLE `taxis`
  MODIFY `id` int(10) UNSIGNED NOT NULL AUTO_INCREMENT, AUTO_INCREMENT=131;
--
-- AUTO_INCREMENT for table `taxi_centers`
--
ALTER TABLE `taxi_centers`
  MODIFY `id` int(10) UNSIGNED NOT NULL AUTO_INCREMENT, AUTO_INCREMENT=3;
--
-- AUTO_INCREMENT for table `users`
--
ALTER TABLE `users`
  MODIFY `id` int(10) UNSIGNED NOT NULL AUTO_INCREMENT, AUTO_INCREMENT=6;COMMIT;

/*!40101 SET CHARACTER_SET_CLIENT=@OLD_CHARACTER_SET_CLIENT */;
/*!40101 SET CHARACTER_SET_RESULTS=@OLD_CHARACTER_SET_RESULTS */;
/*!40101 SET COLLATION_CONNECTION=@OLD_COLLATION_CONNECTION */;
